id,person_id,place,receive_time,sensor_num,x_coordinate,y_coordinate,size,area1_stay_time,area2_stay_time
0,2021020300010030554,0001,2021-02-03 21:00:15.388,2,12987,4114,517,0,0
1,2021020300010030554,0001,2021-02-03 21:00:16.403,2,11172,4178,542,0,0
2,2021020300010030554,0001,2021-02-03 21:00:17.419,2,9609,4155,524,1,1
3,2021020300010030554,0001,2021-02-03 21:00:18.434,2,7838,4193,553,1,1
4,2021020300010030559,0001,2021-02-03 21:00:18.434,2,12867,670,639,0,0
5,2021020300010030554,0001,2021-02-03 21:00:19.449,2,6144,4148,558,1,1
6,2021020300010030559,0001,2021-02-03 21:00:19.449,2,11138,700,651,0,0
7,2021020300010030554,0001,2021-02-03 21:00:20.465,2,4587,3994,584,2,2
8,2021020300010030559,0001,2021-02-03 21:00:20.465,2,9643,671,497,1,1
9,2021020300010030554,0001,2021-02-03 21:00:21.48,2,2986,3766,552,2,2
10,2021020300010030559,0001,2021-02-03 21:00:21.48,2,7985,748,492,1,1
11,2021020300010030554,0001,2021-02-03 21:00:22.496,2,1433,3568,480,3,3
12,2021020300010030559,0001,2021-02-03 21:00:22.496,2,6285,818,691,1,1
13,2021020300010030554,0001,2021-02-03 21:00:23.497,2,313,3606,355,3,3
14,2021020300010030559,0001,2021-02-03 21:00:23.497,2,4764,869,497,2,2
15,2021020300010030559,0001,2021-02-03 21:00:24.512,2,2997,1029,501,2,2
16,2021020300010030559,0001,2021-02-03 21:00:25.528,2,1329,1266,361,3,3
17,2021020300010030566,0001,2021-02-03 21:00:36.697,2,14128,1595,503,0,0
18,2021020300010030566,0001,2021-02-03 21:00:37.712,2,12824,1746,572,0,0
19,2021020300010030566,0001,2021-02-03 21:00:40.744,1,12824,1746,572,0,0
20,2021020300010030570,0001,2021-02-03 21:00:40.744,1,8284,1857,633,0,0
21,2021020300010030566,0001,2021-02-03 21:00:41.76,1,12824,1746,572,1,1
22,2021020300010030570,0001,2021-02-03 21:00:41.76,1,6832,1849,658,0,0
23,2021020300010030566,0001,2021-02-03 21:00:42.775,1,12824,1746,572,1,1
24,2021020300010030570,0001,2021-02-03 21:00:42.775,1,5334,1839,647,1,1
25,2021020300010030570,0001,2021-02-03 21:00:43.791,1,3928,1891,625,1,1
26,2021020300010030570,0001,2021-02-03 21:00:44.806,1,2517,1981,618,1,1
27,2021020300010030570,0001,2021-02-03 21:00:45.822,2,2517,1981,618,2,2
28,2021020300010030573,0001,2021-02-03 21:00:45.822,2,1089,1892,490,0,0
29,2021020300010030570,0001,2021-02-03 21:00:46.837,2,2517,1981,618,2,2
30,2021020300010030573,0001,2021-02-03 21:00:46.837,2,164,2039,683,0,0
31,2021020300010030570,0001,2021-02-03 21:00:48.867,1,2517,1981,618,2,2
32,2021020300010030573,0001,2021-02-03 21:00:48.867,1,164,2039,683,0,0
33,2021020300010030570,0001,2021-02-03 21:00:49.883,1,2517,1981,618,2,2
34,2021020300010030604,0001,2021-02-03 21:02:12.055,2,13349,3017,538,0,0
35,2021020300010030604,0001,2021-02-03 21:02:13.07,2,12200,3042,526,0,0
36,2021020300010030604,0001,2021-02-03 21:02:14.085,2,11055,3070,546,1,1
37,2021020300010030604,0001,2021-02-03 21:02:15.101,2,9934,3031,454,1,1
38,2021020300010030604,0001,2021-02-03 21:02:16.116,2,8806,2951,379,1,1
39,2021020300010030604,0001,2021-02-03 21:02:17.132,2,7543,2970,356,2,2
40,2021020300010030604,0001,2021-02-03 21:02:18.147,2,6408,3194,459,2,2
41,2021020300010030604,0001,2021-02-03 21:02:19.162,2,5272,3357,384,3,3
42,2021020300010030604,0001,2021-02-03 21:02:20.178,2,4076,3542,379,3,3
43,2021020300010030604,0001,2021-02-03 21:02:21.193,2,2871,3691,510,3,3
44,2021020300010030604,0001,2021-02-03 21:02:22.208,2,1696,3793,496,4,4
45,2021020300010030604,0001,2021-02-03 21:02:23.224,2,582,3874,466,4,4
46,2021020300010030610,0001,2021-02-03 21:02:59.736,2,112,3173,391,0,0
47,2021020300010030610,0001,2021-02-03 21:03:00.751,2,1810,3183,753,0,0
48,2021020300010030610,0001,2021-02-03 21:03:01.766,2,3490,3244,692,0,0
49,2021020300010030610,0001,2021-02-03 21:03:02.782,2,5020,3311,665,1,1
50,2021020300010030610,0001,2021-02-03 21:03:03.797,2,6576,3443,557,1,1
51,2021020300010030610,0001,2021-02-03 21:03:04.812,2,8207,3443,555,2,2
52,2021020300010030610,0001,2021-02-03 21:03:05.828,2,9032,3377,420,2,2
53,2021020300010030615,0001,2021-02-03 21:03:37.273,1,11596,2150,520,0,0
54,2021020300010030616,0001,2021-02-03 21:03:37.273,1,11840,1296,520,0,0
55,2021020300010030615,0001,2021-02-03 21:03:38.288,1,10638,2143,602,0,0
56,2021020300010030617,0001,2021-02-03 21:03:38.288,1,10957,1297,486,0,0
57,2021020300010030615,0001,2021-02-03 21:03:39.29,2,10638,2143,602,0,0
58,2021020300010030619,0001,2021-02-03 21:03:39.29,2,9624,1331,467,0,0
59,2021020300010030620,0001,2021-02-03 21:03:39.29,2,9443,2119,614,0,0
60,2021020300010030615,0001,2021-02-03 21:03:40.305,2,10638,2143,602,1,1
61,2021020300010030619,0001,2021-02-03 21:03:40.305,2,8537,1352,457,0,0
62,2021020300010030620,0001,2021-02-03 21:03:40.305,2,8380,2172,632,0,0
63,2021020300010030619,0001,2021-02-03 21:03:41.32,2,7420,1376,471,0,0
64,2021020300010030620,0001,2021-02-03 21:03:41.32,2,7261,2296,617,0,0
65,2021020300010030619,0001,2021-02-03 21:03:42.336,2,6300,1471,498,1,1
66,2021020300010030620,0001,2021-02-03 21:03:42.336,2,6209,2391,646,1,1
67,2021020300010030619,0001,2021-02-03 21:03:43.351,2,5118,1567,487,1,1
68,2021020300010030620,0001,2021-02-03 21:03:43.351,2,5126,2439,632,1,1
69,2021020300010030619,0001,2021-02-03 21:03:44.366,2,3880,1620,437,2,2
70,2021020300010030620,0001,2021-02-03 21:03:44.366,2,4036,2544,602,2,2
71,2021020300010030619,0001,2021-02-03 21:03:45.382,2,2743,1754,464,2,2
72,2021020300010030620,0001,2021-02-03 21:03:45.382,2,2890,2575,512,2,2
73,2021020300010030619,0001,2021-02-03 21:03:46.397,2,1656,2001,609,2,2
74,2021020300010030620,0001,2021-02-03 21:03:46.397,2,1731,2716,405,2,2
75,2021020300010030619,0001,2021-02-03 21:03:47.413,2,407,2148,383,3,3
76,2021020300010030620,0001,2021-02-03 21:03:47.413,2,1731,2716,405,3,3
77,2021020300010030620,0001,2021-02-03 21:03:48.428,2,1731,2716,405,3,3
78,2021020300010030620,0001,2021-02-03 21:03:49.443,2,1731,2716,405,4,4
79,2021020300010030622,0001,2021-02-03 21:03:51.474,2,13588,3230,540,0,0
80,2021020300010030622,0001,2021-02-03 21:03:52.49,2,12002,3189,617,0,0
81,2021020300010030622,0001,2021-02-03 21:03:53.503,2,10529,3272,619,1,1
82,2021020300010030622,0001,2021-02-03 21:03:54.518,2,9157,3358,589,1,1
83,2021020300010030622,0001,2021-02-03 21:03:55.534,2,7850,3375,615,1,1
84,2021020300010030622,0001,2021-02-03 21:03:56.549,2,7349,3353,600,1,1
85,2021020300010030622,0001,2021-02-03 21:03:58.58,1,7349,3353,600,2,2
86,2021020300010030625,0001,2021-02-03 21:03:58.58,1,3816,3310,544,0,0
87,2021020300010030622,0001,2021-02-03 21:03:59.595,1,7349,3353,600,2,2
88,2021020300010030625,0001,2021-02-03 21:03:59.595,1,2524,3209,523,0,0
89,2021020300010030622,0001,2021-02-03 21:04:00.611,1,7349,3353,600,3,3
90,2021020300010030625,0001,2021-02-03 21:04:00.611,1,1276,3276,525,0,0
91,2021020300010030625,0001,2021-02-03 21:04:01.626,1,28,3439,573,1,1
92,2021020300010030629,0001,2021-02-03 21:04:24.952,2,954,2812,416,0,0
93,2021020300010030629,0001,2021-02-03 21:04:25.967,2,2656,2498,535,0,0
94,2021020300010030629,0001,2021-02-03 21:04:26.983,2,4429,2176,594,1,1
95,2021020300010030629,0001,2021-02-03 21:04:27.998,2,6082,1907,709,1,1
96,2021020300010030629,0001,2021-02-03 21:04:29.014,2,7891,1729,746,1,1
97,2021020300010030629,0001,2021-02-03 21:04:30.029,2,9583,1605,686,2,2
98,2021020300010030629,0001,2021-02-03 21:04:31.044,2,11239,1534,766,2,2
99,2021020300010030629,0001,2021-02-03 21:04:32.06,2,13049,1545,700,3,3
100,2021020300010030631,0001,2021-02-03 21:04:33.075,2,14247,3216,564,0,0
101,2021020300010030632,0001,2021-02-03 21:04:33.075,2,13416,3781,441,0,0
102,2021020300010030631,0001,2021-02-03 21:04:34.09,2,14247,3216,564,0,0
103,2021020300010030632,0001,2021-02-03 21:04:34.09,2,12211,3912,499,0,0
104,2021020300010030637,0001,2021-02-03 21:04:34.09,2,12053,3224,389,0,0
105,2021020300010030631,0001,2021-02-03 21:04:35.106,2,14247,3216,564,1,1
106,2021020300010030632,0001,2021-02-03 21:04:35.106,2,10941,3977,516,1,1
107,2021020300010030637,0001,2021-02-03 21:04:35.106,2,10980,3139,391,0,0
108,2021020300010030632,0001,2021-02-03 21:04:36.121,2,9618,4083,467,1,1
109,2021020300010030637,0001,2021-02-03 21:04:36.121,2,9376,3205,478,1,1
110,2021020300010030632,0001,2021-02-03 21:04:37.137,2,8385,4091,420,1,1
111,2021020300010030637,0001,2021-02-03 21:04:37.137,2,8105,3315,459,1,1
112,2021020300010030632,0001,2021-02-03 21:04:38.152,2,7201,4076,522,2,2
113,2021020300010030637,0001,2021-02-03 21:04:38.152,2,6898,3364,469,1,1
114,2021020300010030632,0001,2021-02-03 21:04:39.153,2,5891,4109,497,2,2
115,2021020300010030637,0001,2021-02-03 21:04:39.153,2,5622,3395,430,2,2
116,2021020300010030632,0001,2021-02-03 21:04:40.169,2,4628,4135,383,3,3
117,2021020300010030637,0001,2021-02-03 21:04:40.169,2,4443,3488,424,2,2
118,2021020300010030632,0001,2021-02-03 21:04:41.184,2,3578,4131,472,3,3
119,2021020300010030637,0001,2021-02-03 21:04:41.184,2,3248,3470,443,3,3
120,2021020300010030632,0001,2021-02-03 21:04:42.199,2,2424,4221,520,3,3
121,2021020300010030637,0001,2021-02-03 21:04:42.199,2,2037,3557,483,3,3
122,2021020300010030632,0001,2021-02-03 21:04:43.215,2,2424,4221,520,4,4
123,2021020300010030637,0001,2021-02-03 21:04:43.215,2,802,3453,542,3,3
124,2021020300010030632,0001,2021-02-03 21:04:44.23,2,2424,4221,520,4,4
125,2021020300010030644,0001,2021-02-03 21:05:03.509,2,14061,3056,513,0,0
126,2021020300010030644,0001,2021-02-03 21:05:04.524,2,12632,3239,470,0,0
127,2021020300010030644,0001,2021-02-03 21:05:05.539,2,11085,3178,503,0,0
128,2021020300010030644,0001,2021-02-03 21:05:06.555,2,9746,3237,497,1,1
129,2021020300010030644,0001,2021-02-03 21:05:07.57,2,8342,3288,565,1,1
130,2021020300010030644,0001,2021-02-03 21:05:08.572,2,6960,3266,578,2,2
131,2021020300010030644,0001,2021-02-03 21:05:09.587,2,5542,3169,562,2,2
132,2021020300010030644,0001,2021-02-03 21:05:10.603,2,3993,3168,554,2,2
133,2021020300010030644,0001,2021-02-03 21:05:11.618,2,2602,3456,493,3,3
134,2021020300010030644,0001,2021-02-03 21:05:12.633,2,1177,3703,527,3,3
135,2021020300010030651,0001,2021-02-03 21:05:35.973,2,13385,3838,609,0,0
136,2021020300010030651,0001,2021-02-03 21:05:36.989,2,11778,3942,661,0,0
137,2021020300010030651,0001,2021-02-03 21:05:38.004,2,10164,4032,646,1,1
138,2021020300010030651,0001,2021-02-03 21:05:39.005,2,8687,4007,680,1,1
139,2021020300010030651,0001,2021-02-03 21:05:40.021,2,7061,3981,672,1,1
140,2021020300010030651,0001,2021-02-03 21:05:41.036,2,5455,4018,443,2,2
141,2021020300010030651,0001,2021-02-03 21:05:42.051,2,3744,3982,435,2,2
142,2021020300010030651,0001,2021-02-03 21:05:43.067,2,2177,3955,439,3,3
143,2021020300010030651,0001,2021-02-03 21:05:44.082,2,589,4091,455,3,3
144,2021020300010030654,0001,2021-02-03 21:05:58.268,2,11481,3239,541,0,0
145,2021020300010030654,0001,2021-02-03 21:05:59.283,2,9846,3128,498,0,0
146,2021020300010030654,0001,2021-02-03 21:06:00.299,2,8338,3180,510,1,1
147,2021020300010030654,0001,2021-02-03 21:06:01.314,2,6774,3417,556,1,1
148,2021020300010030654,0001,2021-02-03 21:06:02.329,2,5296,3595,548,1,1
149,2021020300010030654,0001,2021-02-03 21:06:03.345,2,3701,3564,462,2,2
150,2021020300010030654,0001,2021-02-03 21:06:04.36,2,2212,3826,449,2,2
151,2021020300010030654,0001,2021-02-03 21:06:05.375,2,728,4100,569,3,3
152,2021020300010030661,0001,2021-02-03 21:06:17.558,1,12213,1257,594,0,0
153,2021020300010030661,0001,2021-02-03 21:06:18.574,1,10728,1318,576,0,0
154,2021020300010030661,0001,2021-02-03 21:06:19.589,1,9130,1304,611,0,0
155,2021020300010030662,0001,2021-02-03 21:06:19.589,1,10828,2701,514,0,0
156,2021020300010030663,0001,2021-02-03 21:06:19.589,1,10787,3351,524,0,0
157,2021020300010030661,0001,2021-02-03 21:06:20.604,1,8571,1301,577,1,1
158,2021020300010030662,0001,2021-02-03 21:06:20.604,1,10388,2761,551,0,0
159,2021020300010030663,0001,2021-02-03 21:06:20.604,1,10378,3323,579,0,0
160,2021020300010030661,0001,2021-02-03 21:06:21.615,2,8571,1301,577,1,1
161,2021020300010030662,0001,2021-02-03 21:06:21.615,2,10388,2761,551,0,0
162,2021020300010030664,0001,2021-02-03 21:06:21.615,2,6041,1426,568,0,0
163,2021020300010030665,0001,2021-02-03 21:06:21.615,2,8288,2755,527,0,0
164,2021020300010030669,0001,2021-02-03 21:06:21.615,2,8314,3299,548,0,0
165,2021020300010030661,0001,2021-02-03 21:06:22.631,2,8571,1301,577,1,1
166,2021020300010030664,0001,2021-02-03 21:06:22.631,2,4569,1524,572,0,0
167,2021020300010030665,0001,2021-02-03 21:06:22.631,2,7029,3139,783,0,0
168,2021020300010030661,0001,2021-02-03 21:06:23.632,2,8571,1301,577,2,2
169,2021020300010030664,0001,2021-02-03 21:06:23.632,2,3000,1727,577,1,1
170,2021020300010030665,0001,2021-02-03 21:06:23.632,2,5898,3027,1153,1,1
171,2021020300010030670,0001,2021-02-03 21:06:23.632,2,6319,2681,524,0,0
172,2021020300010030664,0001,2021-02-03 21:06:24.647,2,1365,2004,446,1,1
173,2021020300010030665,0001,2021-02-03 21:06:24.647,2,4426,2704,485,1,1
174,2021020300010030667,0001,2021-02-03 21:06:24.647,2,13131,2169,655,0,0
175,2021020300010030670,0001,2021-02-03 21:06:24.647,2,4473,3289,603,0,0
176,2021020300010030671,0001,2021-02-03 21:06:24.647,2,13181,2746,560,0,0
177,2021020300010030665,0001,2021-02-03 21:06:25.663,2,3069,2660,392,1,1
178,2021020300010030667,0001,2021-02-03 21:06:25.663,2,12049,2206,593,0,0
179,2021020300010030670,0001,2021-02-03 21:06:25.663,2,3209,3356,701,1,1
180,2021020300010030671,0001,2021-02-03 21:06:25.663,2,12023,2943,558,0,0
181,2021020300010030665,0001,2021-02-03 21:06:26.678,2,1775,2889,546,2,2
182,2021020300010030667,0001,2021-02-03 21:06:26.678,2,10903,2218,582,1,1
183,2021020300010030670,0001,2021-02-03 21:06:26.678,2,2090,3590,604,1,1
184,2021020300010030671,0001,2021-02-03 21:06:26.678,2,10839,2955,590,1,1
185,2021020300010030665,0001,2021-02-03 21:06:27.693,2,762,3126,360,2,2
186,2021020300010030667,0001,2021-02-03 21:06:27.693,2,9780,2258,616,1,1
187,2021020300010030670,0001,2021-02-03 21:06:27.693,2,1021,3808,613,1,1
188,2021020300010030671,0001,2021-02-03 21:06:27.693,2,9689,2940,501,1,1
189,2021020300010030665,0001,2021-02-03 21:06:28.709,2,762,3126,360,3,3
190,2021020300010030667,0001,2021-02-03 21:06:28.709,2,8549,2232,584,1,1
191,2021020300010030668,0001,2021-02-03 21:06:28.709,2,13530,2738,413,0,0
192,2021020300010030671,0001,2021-02-03 21:06:28.709,2,8562,2991,567,1,1
193,2021020300010030665,0001,2021-02-03 21:06:29.724,2,762,3126,360,3,3
194,2021020300010030667,0001,2021-02-03 21:06:29.724,2,7281,2228,606,2,2
195,2021020300010030668,0001,2021-02-03 21:06:29.724,2,12265,3003,501,0,0
196,2021020300010030671,0001,2021-02-03 21:06:29.724,2,7307,2936,599,2,2
197,2021020300010030667,0001,2021-02-03 21:06:30.739,2,6162,2557,1222,2,2
198,2021020300010030668,0001,2021-02-03 21:06:30.739,2,10896,3074,501,1,1
199,2021020300010030671,0001,2021-02-03 21:06:30.739,2,6402,2925,510,2,2
200,2021020300010030667,0001,2021-02-03 21:06:31.755,2,4833,2204,514,3,3
201,2021020300010030668,0001,2021-02-03 21:06:31.755,2,9667,3143,558,1,1
202,2021020300010030671,0001,2021-02-03 21:06:31.755,2,5171,2951,535,3,3
203,2021020300010030673,0001,2021-02-03 21:06:31.755,2,4870,2827,770,0,0
204,2021020300010030667,0001,2021-02-03 21:06:32.77,2,3624,2271,551,3,3
205,2021020300010030668,0001,2021-02-03 21:06:32.77,2,8410,3210,610,1,1
206,2021020300010030671,0001,2021-02-03 21:06:32.77,2,4800,2630,1148,3,3
207,2021020300010030673,0001,2021-02-03 21:06:32.77,2,3762,2964,463,0,0
208,2021020300010030667,0001,2021-02-03 21:06:33.786,2,2333,2452,550,4,4
209,2021020300010030668,0001,2021-02-03 21:06:33.786,2,7111,3375,534,2,2
210,2021020300010030671,0001,2021-02-03 21:06:33.786,2,4800,2630,1148,4,4
211,2021020300010030673,0001,2021-02-03 21:06:33.786,2,2813,3179,512,1,1
212,2021020300010030667,0001,2021-02-03 21:06:34.801,2,1117,2747,425,4,4
213,2021020300010030668,0001,2021-02-03 21:06:34.801,2,5857,3403,546,2,2
214,2021020300010030671,0001,2021-02-03 21:06:34.801,2,4800,2630,1148,4,4
215,2021020300010030673,0001,2021-02-03 21:06:34.801,2,1603,3350,556,1,1
216,2021020300010030668,0001,2021-02-03 21:06:35.816,2,4622,3364,508,3,3
217,2021020300010030673,0001,2021-02-03 21:06:35.816,2,358,3444,587,1,1
218,2021020300010030668,0001,2021-02-03 21:06:36.832,2,3345,3408,437,3,3
219,2021020300010030668,0001,2021-02-03 21:06:37.847,2,2049,3648,398,3,3
220,2021020300010030668,0001,2021-02-03 21:06:38.848,2,1495,3759,371,4,4
221,2021020300010030668,0001,2021-02-03 21:06:39.864,2,1495,3759,371,4,4
222,2021020300010030668,0001,2021-02-03 21:06:40.879,2,1495,3759,371,5,5
223,2021020300010030685,0001,2021-02-03 21:07:17.364,2,13437,3854,621,0,0
224,2021020300010030685,0001,2021-02-03 21:07:18.38,2,12129,3973,656,0,0
225,2021020300010030685,0001,2021-02-03 21:07:19.381,2,10868,3958,731,1,1
226,2021020300010030685,0001,2021-02-03 21:07:20.397,2,9382,3985,651,1,1
227,2021020300010030685,0001,2021-02-03 21:07:21.412,2,8103,3956,660,1,1
228,2021020300010030685,0001,2021-02-03 21:07:22.427,2,6787,3924,613,2,2
229,2021020300010030685,0001,2021-02-03 21:07:23.429,2,5451,3949,593,2,2
230,2021020300010030685,0001,2021-02-03 21:07:24.444,2,4034,3985,479,3,3
231,2021020300010030685,0001,2021-02-03 21:07:25.459,2,2687,3989,479,3,3
232,2021020300010030685,0001,2021-02-03 21:07:26.475,2,1331,4066,568,3,3
233,2021020300010030685,0001,2021-02-03 21:07:27.49,2,1,4483,664,4,4
234,2021020300010030702,0001,2021-02-03 21:08:47.65,2,12617,2944,549,0,0
235,2021020300010030702,0001,2021-02-03 21:08:48.665,2,11032,3094,521,0,0
236,2021020300010030702,0001,2021-02-03 21:08:49.68,2,9270,3147,514,1,1
237,2021020300010030702,0001,2021-02-03 21:08:50.696,2,7536,3199,502,1,1
238,2021020300010030702,0001,2021-02-03 21:08:51.711,2,5750,3338,499,1,1
239,2021020300010030702,0001,2021-02-03 21:08:52.727,2,4057,3378,476,2,2
240,2021020300010030702,0001,2021-02-03 21:08:53.728,2,2424,3360,486,2,2
241,2021020300010030702,0001,2021-02-03 21:08:54.743,2,742,3677,418,3,3
242,2021020300010030703,0001,2021-02-03 21:09:06.928,2,13726,2526,626,0,0
243,2021020300010030703,0001,2021-02-03 21:09:07.943,2,12615,2599,408,0,0
244,2021020300010030703,0001,2021-02-03 21:09:08.945,2,11430,2542,466,0,0
245,2021020300010030703,0001,2021-02-03 21:09:09.96,2,10145,2483,480,1,1
246,2021020300010030703,0001,2021-02-03 21:09:10.976,2,8890,2446,481,1,1
247,2021020300010030703,0001,2021-02-03 21:09:11.991,2,7639,2539,489,2,2
248,2021020300010030703,0001,2021-02-03 21:09:13.006,2,6425,2519,527,2,2
249,2021020300010030703,0001,2021-02-03 21:09:14.022,2,5182,2561,535,3,3
250,2021020300010030703,0001,2021-02-03 21:09:15.037,2,3965,2606,516,3,3
251,2021020300010030705,0001,2021-02-03 21:09:15.037,2,13361,3571,509,0,0
252,2021020300010030703,0001,2021-02-03 21:09:16.052,2,2760,2684,465,3,3
253,2021020300010030705,0001,2021-02-03 21:09:16.052,2,11570,3592,529,0,0
254,2021020300010030703,0001,2021-02-03 21:09:17.068,2,1541,2684,454,4,4
255,2021020300010030705,0001,2021-02-03 21:09:17.068,2,10026,3674,517,1,1
256,2021020300010030703,0001,2021-02-03 21:09:18.083,2,188,2719,484,4,4
257,2021020300010030705,0001,2021-02-03 21:09:18.083,2,8232,3797,567,1,1
258,2021020300010030705,0001,2021-02-03 21:09:19.099,2,6730,3868,586,1,1
259,2021020300010030705,0001,2021-02-03 21:09:20.114,2,5058,3917,503,2,2
260,2021020300010030708,0001,2021-02-03 21:09:20.114,2,12886,3514,601,0,0
261,2021020300010030705,0001,2021-02-03 21:09:21.129,2,3372,3913,541,2,2
262,2021020300010030708,0001,2021-02-03 21:09:21.129,2,11472,3397,523,0,0
263,2021020300010030705,0001,2021-02-03 21:09:22.145,2,1810,3956,520,3,3
264,2021020300010030708,0001,2021-02-03 21:09:22.145,2,10149,3249,565,1,1
265,2021020300010030705,0001,2021-02-03 21:09:23.16,2,288,4204,579,3,3
266,2021020300010030708,0001,2021-02-03 21:09:23.16,2,8884,3257,637,1,1
267,2021020300010030708,0001,2021-02-03 21:09:24.162,2,7559,3349,635,1,1
268,2021020300010030708,0001,2021-02-03 21:09:25.177,2,6136,3475,633,2,2
269,2021020300010030708,0001,2021-02-03 21:09:26.192,2,4792,3618,627,2,2
270,2021020300010030708,0001,2021-02-03 21:09:27.208,2,3553,3864,578,3,3
271,2021020300010030708,0001,2021-02-03 21:09:28.223,2,2135,3931,548,3,3
272,2021020300010030708,0001,2021-02-03 21:09:29.239,2,864,4020,556,4,4
273,2021020300010030709,0001,2021-02-03 21:09:34.316,2,15,1947,683,0,0
274,2021020300010030709,0001,2021-02-03 21:09:35.331,2,967,1817,600,0,0
275,2021020300010030709,0001,2021-02-03 21:09:36.346,2,1975,1777,576,0,0
276,2021020300010030709,0001,2021-02-03 21:09:37.362,2,2945,1756,565,1,1
277,2021020300010030709,0001,2021-02-03 21:09:38.377,2,3922,1782,549,1,1
278,2021020300010030709,0001,2021-02-03 21:09:39.378,2,4914,1820,552,1,1
279,2021020300010030709,0001,2021-02-03 21:09:40.394,2,5744,1965,664,2,2
280,2021020300010030709,0001,2021-02-03 21:09:41.409,2,6236,1843,541,2,2
281,2021020300010030709,0001,2021-02-03 21:09:42.425,2,6845,1752,529,3,3
282,2021020300010030709,0001,2021-02-03 21:09:43.44,2,7283,1610,529,3,3
283,2021020300010030709,0001,2021-02-03 21:09:44.455,2,7884,1566,500,4,4
284,2021020300010030709,0001,2021-02-03 21:09:45.471,2,8116,1445,532,4,4
285,2021020300010030709,0001,2021-02-03 21:09:46.486,2,8170,1493,497,4,4
286,2021020300010030709,0001,2021-02-03 21:09:47.502,2,8144,1487,508,5,5
287,2021020300010030709,0001,2021-02-03 21:09:48.517,2,8133,1485,510,5,5
288,2021020300010030709,0001,2021-02-03 21:09:49.532,2,8155,1489,520,6,6
289,2021020300010030709,0001,2021-02-03 21:09:50.548,2,8204,1499,497,6,6
290,2021020300010030709,0001,2021-02-03 21:09:51.563,2,8171,1473,517,6,6
291,2021020300010030709,0001,2021-02-03 21:09:52.578,2,8157,1472,481,7,7
292,2021020300010030709,0001,2021-02-03 21:09:53.58,2,8197,1498,498,7,7
293,2021020300010030709,0001,2021-02-03 21:09:54.595,2,8197,1498,507,8,8
294,2021020300010030709,0001,2021-02-03 21:09:55.611,2,8179,1494,498,8,8
295,2021020300010030709,0001,2021-02-03 21:09:56.626,2,8160,1491,509,8,8
296,2021020300010030709,0001,2021-02-03 21:09:57.641,2,8147,1488,505,9,9
297,2021020300010030709,0001,2021-02-03 21:09:58.657,2,8166,1492,497,9,9
298,2021020300010030709,0001,2021-02-03 21:09:59.672,2,8182,1496,494,10,10
299,2021020300010030709,0001,2021-02-03 21:10:00.688,2,8175,1494,499,10,10
300,2021020300010030709,0001,2021-02-03 21:10:01.703,2,8189,1497,490,10,10
301,2021020300010030709,0001,2021-02-03 21:10:02.718,2,8167,1491,521,11,11
302,2021020300010030715,0001,2021-02-03 21:10:02.718,2,14124,4068,500,0,0
303,2021020300010030718,0001,2021-02-03 21:10:02.718,2,8448,1642,518,0,0
304,2021020300010030709,0001,2021-02-03 21:10:03.734,2,8199,1498,491,11,11
305,2021020300010030715,0001,2021-02-03 21:10:03.734,2,12791,4139,540,0,0
306,2021020300010030709,0001,2021-02-03 21:10:04.749,2,8188,1496,496,12,12
307,2021020300010030715,0001,2021-02-03 21:10:04.749,2,11272,4300,587,0,0
308,2021020300010030709,0001,2021-02-03 21:10:05.765,2,8171,1492,520,12,12
309,2021020300010030715,0001,2021-02-03 21:10:05.765,2,9925,4290,524,1,1
310,2021020300010030709,0001,2021-02-03 21:10:06.78,2,8147,1487,527,12,12
311,2021020300010030715,0001,2021-02-03 21:10:06.78,2,8602,4150,589,1,1
312,2021020300010030709,0001,2021-02-03 21:10:07.795,2,8171,1492,528,13,13
313,2021020300010030715,0001,2021-02-03 21:10:07.795,2,7264,4007,549,2,2
314,2021020300010030709,0001,2021-02-03 21:10:08.797,2,8427,1657,638,13,13
315,2021020300010030715,0001,2021-02-03 21:10:08.797,2,5967,4009,546,2,2
316,2021020300010030709,0001,2021-02-03 21:10:09.812,2,8957,1761,677,14,14
317,2021020300010030715,0001,2021-02-03 21:10:09.812,2,4600,4132,588,2,2
318,2021020300010030709,0001,2021-02-03 21:10:10.827,2,9494,1912,593,14,14
319,2021020300010030715,0001,2021-02-03 21:10:10.827,2,3325,4227,536,3,3
320,2021020300010030709,0001,2021-02-03 21:10:11.843,2,10121,1826,558,15,15
321,2021020300010030715,0001,2021-02-03 21:10:11.843,2,2086,4266,457,3,3
322,2021020300010030709,0001,2021-02-03 21:10:12.858,2,10961,1855,587,15,15
323,2021020300010030715,0001,2021-02-03 21:10:12.858,2,795,4297,420,4,4
324,2021020300010030709,0001,2021-02-03 21:10:13.874,2,11598,1996,613,15,15
325,2021020300010030709,0001,2021-02-03 21:10:14.889,2,12483,1949,608,16,16
326,2021020300010030709,0001,2021-02-03 21:10:15.904,2,13243,1784,691,16,16
327,2021020300010030709,0001,2021-02-03 21:10:16.92,2,13876,1705,659,17,17
328,2021020300010030722,0001,2021-02-03 21:10:31.135,2,13459,3803,464,0,0
329,2021020300010030722,0001,2021-02-03 21:10:32.15,2,11750,3932,556,0,0
330,2021020300010030722,0001,2021-02-03 21:10:33.166,2,10143,3972,550,0,0
331,2021020300010030722,0001,2021-02-03 21:10:34.181,2,8544,3963,541,1,1
332,2021020300010030722,0001,2021-02-03 21:10:35.196,2,6970,4006,547,1,1
333,2021020300010030722,0001,2021-02-03 21:10:36.212,2,5435,4064,581,2,2
334,2021020300010030722,0001,2021-02-03 21:10:37.227,2,3931,4117,587,2,2
335,2021020300010030722,0001,2021-02-03 21:10:38.243,2,2252,4020,596,2,2
336,2021020300010030722,0001,2021-02-03 21:10:39.244,2,762,4029,590,3,3
337,2021020300010030723,0001,2021-02-03 21:11:20.847,2,10847,3923,581,0,0
338,2021020300010030723,0001,2021-02-03 21:11:21.862,2,7539,4072,712,0,0
339,2021020300010030723,0001,2021-02-03 21:11:22.878,2,4612,4006,593,1,1
340,2021020300010030723,0001,2021-02-03 21:11:23.879,2,2058,4133,607,1,1
341,2021020300010030723,0001,2021-02-03 21:11:24.894,2,197,4270,575,2,2
342,2021020300010030727,0001,2021-02-03 21:11:24.894,2,13409,2444,504,0,0
343,2021020300010030727,0001,2021-02-03 21:11:25.91,2,12015,2499,530,0,0
344,2021020300010030727,0001,2021-02-03 21:11:26.925,2,10553,2669,465,1,1
345,2021020300010030727,0001,2021-02-03 21:11:27.94,2,8864,2562,443,1,1
346,2021020300010030727,0001,2021-02-03 21:11:28.956,2,7537,2596,422,1,1
347,2021020300010030727,0001,2021-02-03 21:11:29.971,2,5930,2658,453,2,2
348,2021020300010030727,0001,2021-02-03 21:11:30.987,2,4556,2835,452,2,2
349,2021020300010030727,0001,2021-02-03 21:11:32.002,2,3131,3056,427,3,3
350,2021020300010030727,0001,2021-02-03 21:11:33.017,2,1664,3456,445,3,3
351,2021020300010030727,0001,2021-02-03 21:11:34.033,2,189,3869,435,3,3
352,2021020300010030730,0001,2021-02-03 21:11:34.033,2,13628,1454,354,0,0
353,2021020300010030730,0001,2021-02-03 21:11:35.048,2,12565,1459,607,0,0
354,2021020300010030730,0001,2021-02-03 21:11:36.063,2,11644,1482,629,1,1
355,2021020300010030730,0001,2021-02-03 21:11:37.079,2,10880,1577,576,1,1
356,2021020300010030730,0001,2021-02-03 21:11:38.094,2,10117,1626,590,1,1
357,2021020300010030730,0001,2021-02-03 21:11:39.095,2,9342,1796,637,2,2
358,2021020300010030730,0001,2021-02-03 21:11:40.111,2,8591,1905,616,2,2
359,2021020300010030730,0001,2021-02-03 21:11:41.126,2,7867,1910,629,3,3
360,2021020300010030730,0001,2021-02-03 21:11:42.141,2,7118,1860,624,3,3
361,2021020300010030730,0001,2021-02-03 21:11:43.157,2,6549,1832,625,4,4
362,2021020300010030730,0001,2021-02-03 21:11:44.172,2,5892,1665,608,4,4
363,2021020300010030730,0001,2021-02-03 21:11:45.188,2,4931,1704,634,4,4
364,2021020300010030730,0001,2021-02-03 21:11:46.203,2,3941,1777,648,5,5
365,2021020300010030730,0001,2021-02-03 21:11:47.218,2,2930,1799,613,5,5
366,2021020300010030730,0001,2021-02-03 21:11:48.234,2,2071,1857,581,6,6
367,2021020300010030730,0001,2021-02-03 21:11:49.249,2,1077,1743,408,6,6
368,2021020300010030730,0001,2021-02-03 21:11:50.264,2,82,2016,468,6,6
369,2021020300010030740,0001,2021-02-03 21:12:13.59,2,13525,3562,622,0,0
370,2021020300010030740,0001,2021-02-03 21:12:14.606,2,11594,3518,585,0,0
371,2021020300010030740,0001,2021-02-03 21:12:15.621,2,9619,3453,625,0,0
372,2021020300010030740,0001,2021-02-03 21:12:16.636,2,7747,3430,630,1,1
373,2021020300010030740,0001,2021-02-03 21:12:17.652,2,5865,3405,628,1,1
374,2021020300010030740,0001,2021-02-03 21:12:18.667,2,4091,3393,601,2,2
375,2021020300010030740,0001,2021-02-03 21:12:19.683,2,2134,3434,577,2,2
376,2021020300010030740,0001,2021-02-03 21:12:20.698,2,285,3367,373,2,2
377,2021020300010030750,0001,2021-02-03 21:12:36.93,2,13638,1315,582,0,0
378,2021020300010030750,0001,2021-02-03 21:12:37.945,2,12349,1299,555,0,0
379,2021020300010030751,0001,2021-02-03 21:12:37.945,2,771,3454,365,0,0
380,2021020300010030750,0001,2021-02-03 21:12:38.959,2,11239,1282,610,1,1
381,2021020300010030751,0001,2021-02-03 21:12:38.959,2,2615,3321,449,0,0
382,2021020300010030750,0001,2021-02-03 21:12:39.975,2,10144,1315,617,1,1
383,2021020300010030751,0001,2021-02-03 21:12:39.975,2,4250,3123,532,0,0
384,2021020300010030750,0001,2021-02-03 21:12:40.99,2,9005,1308,658,1,1
385,2021020300010030751,0001,2021-02-03 21:12:40.99,2,5406,3108,534,1,1
386,2021020300010030752,0001,2021-02-03 21:12:40.99,2,6034,3097,661,0,0
387,2021020300010030750,0001,2021-02-03 21:12:42.006,2,7887,1270,623,2,2
388,2021020300010030751,0001,2021-02-03 21:12:42.006,2,5406,3108,534,1,1
389,2021020300010030752,0001,2021-02-03 21:12:42.006,2,7820,3082,605,0,0
390,2021020300010030750,0001,2021-02-03 21:12:43.021,2,6809,1296,632,2,2
391,2021020300010030751,0001,2021-02-03 21:12:43.021,2,5406,3108,534,2,2
392,2021020300010030752,0001,2021-02-03 21:12:43.021,2,9675,3053,569,0,0
393,2021020300010030750,0001,2021-02-03 21:12:44.036,2,5687,1330,610,3,3
394,2021020300010030752,0001,2021-02-03 21:12:44.036,2,11584,2982,401,1,1
395,2021020300010030750,0001,2021-02-03 21:12:45.052,2,5381,1348,636,3,3
396,2021020300010030752,0001,2021-02-03 21:12:45.052,2,12147,2873,475,1,1
397,2021020300010030750,0001,2021-02-03 21:12:47.083,1,5381,1348,636,3,3
398,2021020300010030752,0001,2021-02-03 21:12:47.083,1,12147,2873,475,1,1
399,2021020300010030753,0001,2021-02-03 21:12:47.083,1,2187,1365,577,0,0
400,2021020300010030750,0001,2021-02-03 21:12:48.098,1,5381,1348,636,3,3
401,2021020300010030752,0001,2021-02-03 21:12:48.098,1,12147,2873,475,2,2
402,2021020300010030753,0001,2021-02-03 21:12:48.098,1,1272,1457,587,0,0
403,2021020300010030750,0001,2021-02-03 21:12:49.113,1,5381,1348,636,4,4
404,2021020300010030752,0001,2021-02-03 21:12:49.113,1,12147,2873,475,2,2
405,2021020300010030753,0001,2021-02-03 21:12:49.113,1,149,1263,560,0,0
406,2021020300010030762,0001,2021-02-03 21:14:00.12,2,13987,3771,357,0,0
407,2021020300010030762,0001,2021-02-03 21:14:01.136,2,12510,3794,540,0,0
408,2021020300010030762,0001,2021-02-03 21:14:02.151,2,11023,3861,557,0,0
409,2021020300010030762,0001,2021-02-03 21:14:03.166,2,9371,3955,506,1,1
410,2021020300010030762,0001,2021-02-03 21:14:04.182,2,7951,3922,552,1,1
411,2021020300010030762,0001,2021-02-03 21:14:05.197,2,6486,3860,539,2,2
412,2021020300010030762,0001,2021-02-03 21:14:06.212,2,5008,3994,678,2,2
413,2021020300010030762,0001,2021-02-03 21:14:07.228,2,3470,3928,489,2,2
414,2021020300010030763,0001,2021-02-03 21:14:07.228,2,14163,2116,626,0,0
415,2021020300010030764,0001,2021-02-03 21:14:07.228,2,14038,2727,630,0,0
416,2021020300010030762,0001,2021-02-03 21:14:08.243,2,2000,3937,458,3,3
417,2021020300010030763,0001,2021-02-03 21:14:08.243,2,12562,2076,639,0,0
418,2021020300010030764,0001,2021-02-03 21:14:08.243,2,12800,2750,631,0,0
419,2021020300010030762,0001,2021-02-03 21:14:09.244,2,644,4084,368,3,3
420,2021020300010030763,0001,2021-02-03 21:14:09.244,2,11185,2072,497,0,0
421,2021020300010030764,0001,2021-02-03 21:14:09.244,2,11499,2707,618,0,0
422,2021020300010030763,0001,2021-02-03 21:14:10.26,2,9930,2134,496,1,1
423,2021020300010030764,0001,2021-02-03 21:14:10.26,2,10205,2712,520,1,1
424,2021020300010030765,0001,2021-02-03 21:14:10.26,2,10253,2049,429,0,0
425,2021020300010030763,0001,2021-02-03 21:14:11.275,2,8455,2127,570,1,1
426,2021020300010030764,0001,2021-02-03 21:14:11.275,2,8796,2838,540,1,1
427,2021020300010030763,0001,2021-02-03 21:14:12.29,2,7289,2129,696,2,2
428,2021020300010030764,0001,2021-02-03 21:14:12.29,2,7522,2851,571,2,2
429,2021020300010030763,0001,2021-02-03 21:14:13.306,2,5937,2047,565,2,2
430,2021020300010030764,0001,2021-02-03 21:14:13.306,2,6123,2715,593,2,2
431,2021020300010030763,0001,2021-02-03 21:14:14.321,2,4513,2059,446,2,2
432,2021020300010030764,0001,2021-02-03 21:14:14.321,2,4611,2623,741,2,2
433,2021020300010030763,0001,2021-02-03 21:14:15.337,2,3176,2217,676,3,3
434,2021020300010030764,0001,2021-02-03 21:14:15.337,2,3533,2819,627,3,3
435,2021020300010030763,0001,2021-02-03 21:14:16.352,2,1755,2404,666,3,3
436,2021020300010030764,0001,2021-02-03 21:14:16.352,2,2200,2984,681,3,3
437,2021020300010030763,0001,2021-02-03 21:14:17.367,2,359,2744,412,4,4
438,2021020300010030764,0001,2021-02-03 21:14:17.367,2,878,3227,381,4,4
439,2021020300010030769,0001,2021-02-03 21:14:30.554,2,14002,3644,434,0,0
440,2021020300010030769,0001,2021-02-03 21:14:31.569,2,12956,3634,408,0,0
441,2021020300010030769,0001,2021-02-03 21:14:32.584,2,11990,3675,453,0,0
442,2021020300010030769,0001,2021-02-03 21:14:33.6,2,10817,3778,480,1,1
443,2021020300010030769,0001,2021-02-03 21:14:34.615,2,10241,3834,476,1,1
444,2021020300010030770,0001,2021-02-03 21:14:34.615,2,9305,3876,366,0,0
445,2021020300010030769,0001,2021-02-03 21:14:35.63,2,10241,3834,476,2,2
446,2021020300010030771,0001,2021-02-03 21:14:35.63,2,8087,3945,395,0,0
447,2021020300010030769,0001,2021-02-03 21:14:36.646,2,10241,3834,476,2,2
448,2021020300010030771,0001,2021-02-03 21:14:36.646,2,6884,3975,358,0,0
449,2021020300010030771,0001,2021-02-03 21:14:37.661,2,5776,4028,413,0,0
450,2021020300010030771,0001,2021-02-03 21:14:38.662,2,4622,3966,400,1,1
451,2021020300010030771,0001,2021-02-03 21:14:39.678,2,3395,3944,424,1,1
452,2021020300010030771,0001,2021-02-03 21:14:40.693,2,2220,3931,421,2,2
453,2021020300010030771,0001,2021-02-03 21:14:41.709,2,1181,4091,393,2,2
454,2021020300010030771,0001,2021-02-03 21:14:42.724,2,59,4335,501,2,2
455,2021020300010030772,0001,2021-02-03 21:15:09.106,2,13819,2003,610,0,0
456,2021020300010030772,0001,2021-02-03 21:15:10.122,2,12378,2156,614,0,0
457,2021020300010030772,0001,2021-02-03 21:15:11.137,2,10973,2258,640,0,0
458,2021020300010030772,0001,2021-02-03 21:15:12.152,2,9498,2281,609,1,1
459,2021020300010030774,0001,2021-02-03 21:15:12.152,2,14114,598,576,0,0
460,2021020300010030772,0001,2021-02-03 21:15:13.168,2,8027,2458,629,1,1
461,2021020300010030774,0001,2021-02-03 21:15:13.168,2,12704,853,522,0,0
462,2021020300010030772,0001,2021-02-03 21:15:14.183,2,6691,2674,600,2,2
463,2021020300010030773,0001,2021-02-03 21:15:14.183,2,13163,4239,479,0,0
464,2021020300010030774,0001,2021-02-03 21:15:14.183,2,11157,730,586,0,0
465,2021020300010030772,0001,2021-02-03 21:15:15.198,2,5264,2894,613,2,2
466,2021020300010030773,0001,2021-02-03 21:15:15.198,2,11489,4314,591,0,0
467,2021020300010030774,0001,2021-02-03 21:15:15.198,2,9675,698,636,1,1
468,2021020300010030772,0001,2021-02-03 21:15:16.214,2,3868,3026,533,2,2
469,2021020300010030773,0001,2021-02-03 21:15:16.214,2,10105,4421,544,1,1
470,2021020300010030774,0001,2021-02-03 21:15:16.214,2,8353,749,623,1,1
471,2021020300010030772,0001,2021-02-03 21:15:17.229,2,2606,3308,626,3,3
472,2021020300010030773,0001,2021-02-03 21:15:17.229,2,8580,4374,536,1,1
473,2021020300010030774,0001,2021-02-03 21:15:17.229,2,7010,988,634,2,2
474,2021020300010030772,0001,2021-02-03 21:15:18.245,2,1144,3536,639,3,3
475,2021020300010030773,0001,2021-02-03 21:15:18.245,2,7030,4290,521,1,1
476,2021020300010030774,0001,2021-02-03 21:15:18.245,2,5594,1267,656,2,2
477,2021020300010030773,0001,2021-02-03 21:15:19.26,2,5498,4258,550,2,2
478,2021020300010030774,0001,2021-02-03 21:15:19.26,2,4243,1371,648,2,2
479,2021020300010030773,0001,2021-02-03 21:15:20.275,2,4075,4120,585,2,2
480,2021020300010030774,0001,2021-02-03 21:15:20.275,2,2848,1487,648,3,3
481,2021020300010030773,0001,2021-02-03 21:15:21.291,2,2519,4124,534,3,3
482,2021020300010030774,0001,2021-02-03 21:15:21.291,2,1534,1844,483,3,3
483,2021020300010030773,0001,2021-02-03 21:15:22.306,2,979,4182,400,3,3
484,2021020300010030774,0001,2021-02-03 21:15:22.306,2,69,2165,539,4,4
485,2021020300010030785,0001,2021-02-03 21:15:45.632,2,13351,2053,604,0,0
486,2021020300010030789,0001,2021-02-03 21:15:45.632,2,13529,2692,614,0,0
487,2021020300010030785,0001,2021-02-03 21:15:46.647,2,12060,1934,611,0,0
488,2021020300010030789,0001,2021-02-03 21:15:46.647,2,12379,2572,529,0,0
489,2021020300010030785,0001,2021-02-03 21:15:47.663,2,10911,1874,580,1,1
490,2021020300010030789,0001,2021-02-03 21:15:47.663,2,11144,2650,559,0,0
491,2021020300010030785,0001,2021-02-03 21:15:48.678,2,9803,1838,566,1,1
492,2021020300010030789,0001,2021-02-03 21:15:48.678,2,9955,2691,499,1,1
493,2021020300010030785,0001,2021-02-03 21:15:49.693,2,8567,1822,615,1,1
494,2021020300010030789,0001,2021-02-03 21:15:49.693,2,8776,2727,524,1,1
495,2021020300010030785,0001,2021-02-03 21:15:50.709,2,7375,1806,607,2,2
496,2021020300010030789,0001,2021-02-03 21:15:50.709,2,7567,2757,524,2,2
497,2021020300010030785,0001,2021-02-03 21:15:51.724,2,6075,1876,569,2,2
498,2021020300010030789,0001,2021-02-03 21:15:51.724,2,6318,2831,468,2,2
499,2021020300010030785,0001,2021-02-03 21:15:52.74,2,4795,1967,578,3,3
500,2021020300010030789,0001,2021-02-03 21:15:52.74,2,5182,2819,555,2,2
501,2021020300010030785,0001,2021-02-03 21:15:53.741,2,3487,1938,574,3,3
502,2021020300010030789,0001,2021-02-03 21:15:53.741,2,3920,2815,490,3,3
503,2021020300010030785,0001,2021-02-03 21:15:54.756,2,2168,2124,631,3,3
504,2021020300010030789,0001,2021-02-03 21:15:54.756,2,2739,3115,547,3,3
505,2021020300010030785,0001,2021-02-03 21:15:55.771,2,979,2367,496,4,4
506,2021020300010030789,0001,2021-02-03 21:15:55.771,2,2437,3211,370,4,4
507,2021020300010030789,0001,2021-02-03 21:15:56.787,2,2437,3211,370,4,4
508,2021020300010030790,0001,2021-02-03 21:15:56.787,2,483,3778,441,0,0
509,2021020300010030789,0001,2021-02-03 21:15:57.802,2,2437,3211,370,4,4
510,2021020300010030791,0001,2021-02-03 21:16:12.004,2,13070,1835,384,0,0
511,2021020300010030791,0001,2021-02-03 21:16:13.019,2,11704,2011,521,0,0
512,2021020300010030791,0001,2021-02-03 21:16:14.034,2,10129,2084,511,1,1
513,2021020300010030791,0001,2021-02-03 21:16:15.05,2,8672,2123,476,1,1
514,2021020300010030791,0001,2021-02-03 21:16:16.065,2,7104,2225,508,1,1
515,2021020300010030791,0001,2021-02-03 21:16:17.081,2,5722,2418,511,2,2
516,2021020300010030791,0001,2021-02-03 21:16:18.096,2,4120,2706,483,2,2
517,2021020300010030791,0001,2021-02-03 21:16:19.111,2,2571,2989,402,3,3
518,2021020300010030791,0001,2021-02-03 21:16:20.127,2,1289,3480,365,3,3
519,2021020300010030791,0001,2021-02-03 21:16:21.142,2,922,3676,359,3,3
520,2021020300010030791,0001,2021-02-03 21:16:22.158,2,922,3676,359,4,4
521,2021020300010030791,0001,2021-02-03 21:16:23.173,2,922,3676,359,4,4
522,2021020300010030802,0001,2021-02-03 21:16:51.576,2,13580,2517,726,0,0
523,2021020300010030807,0001,2021-02-03 21:16:51.576,2,13554,1606,647,0,0
524,2021020300010030802,0001,2021-02-03 21:16:52.591,2,12204,2484,660,0,0
525,2021020300010030808,0001,2021-02-03 21:16:52.591,2,12166,1658,598,0,0
526,2021020300010030802,0001,2021-02-03 21:16:53.592,2,11032,2474,680,1,1
527,2021020300010030808,0001,2021-02-03 21:16:53.592,2,10969,1667,627,0,0
528,2021020300010030802,0001,2021-02-03 21:16:54.608,2,9776,2461,585,1,1
529,2021020300010030808,0001,2021-02-03 21:16:54.608,2,9725,1588,689,1,1
530,2021020300010030802,0001,2021-02-03 21:16:55.623,2,8731,2405,720,1,1
531,2021020300010030808,0001,2021-02-03 21:16:55.623,2,8575,1611,669,1,1
532,2021020300010030802,0001,2021-02-03 21:16:56.638,2,7480,2017,1388,2,2
533,2021020300010030808,0001,2021-02-03 21:16:56.638,2,7507,1652,672,1,1
534,2021020300010030810,0001,2021-02-03 21:16:56.638,2,7542,2351,665,0,0
535,2021020300010030802,0001,2021-02-03 21:16:57.654,2,6864,2008,1291,2,2
536,2021020300010030808,0001,2021-02-03 21:16:57.654,2,6179,1731,550,2,2
537,2021020300010030810,0001,2021-02-03 21:16:57.654,2,6263,2472,682,0,0
538,2021020300010030802,0001,2021-02-03 21:16:58.669,2,6864,2008,1291,3,3
539,2021020300010030808,0001,2021-02-03 21:16:58.669,2,4932,1775,545,2,2
540,2021020300010030810,0001,2021-02-03 21:16:58.669,2,5030,2580,674,0,0
541,2021020300010030802,0001,2021-02-03 21:16:59.685,2,6864,2008,1291,3,3
542,2021020300010030808,0001,2021-02-03 21:16:59.685,2,3703,1768,469,3,3
543,2021020300010030810,0001,2021-02-03 21:16:59.685,2,3982,2619,601,1,1
544,2021020300010030808,0001,2021-02-03 21:17:00.7,2,2617,1995,566,3,3
545,2021020300010030810,0001,2021-02-03 21:17:00.7,2,2736,2625,394,1,1
546,2021020300010030808,0001,2021-02-03 21:17:01.715,2,1523,2180,398,3,3
547,2021020300010030810,0001,2021-02-03 21:17:01.715,2,2211,2825,555,2,2
548,2021020300010030808,0001,2021-02-03 21:17:02.731,2,812,3075,531,4,4
549,2021020300010030810,0001,2021-02-03 21:17:02.731,2,2211,2825,555,2,2
550,2021020300010030810,0001,2021-02-03 21:17:03.746,2,2211,2825,555,2,2
551,2021020300010030839,0001,2021-02-03 21:18:48.198,2,662,4431,644,0,0
552,2021020300010030839,0001,2021-02-03 21:18:49.213,2,2024,4366,483,0,0
553,2021020300010030837,0001,2021-02-03 21:18:50.229,2,13095,1723,580,0,0
554,2021020300010030839,0001,2021-02-03 21:18:50.229,2,3480,4319,560,0,0
555,2021020300010030837,0001,2021-02-03 21:18:51.244,2,11772,1732,571,0,0
556,2021020300010030839,0001,2021-02-03 21:18:51.244,2,4833,4146,528,1,1
557,2021020300010030837,0001,2021-02-03 21:18:52.26,2,10403,1787,552,1,1
558,2021020300010030839,0001,2021-02-03 21:18:52.26,2,6284,3983,553,1,1
559,2021020300010030837,0001,2021-02-03 21:18:53.275,2,9010,1772,602,1,1
560,2021020300010030839,0001,2021-02-03 21:18:53.275,2,7689,3852,513,2,2
561,2021020300010030837,0001,2021-02-03 21:18:54.276,2,7768,1776,594,1,1
562,2021020300010030839,0001,2021-02-03 21:18:54.276,2,9066,3845,479,2,2
563,2021020300010030837,0001,2021-02-03 21:18:55.292,2,6434,1770,554,2,2
564,2021020300010030839,0001,2021-02-03 21:18:55.292,2,10718,3998,620,3,3
565,2021020300010030837,0001,2021-02-03 21:18:56.307,2,4992,1773,586,2,2
566,2021020300010030839,0001,2021-02-03 21:18:56.307,2,12216,3981,622,3,3
567,2021020300010030837,0001,2021-02-03 21:18:57.323,2,3604,1757,573,3,3
568,2021020300010030839,0001,2021-02-03 21:18:57.323,2,13659,4041,609,3,3
569,2021020300010030837,0001,2021-02-03 21:18:58.338,2,2261,1782,543,3,3
570,2021020300010030837,0001,2021-02-03 21:18:59.353,2,977,1923,367,3,3
571,2021020300010030845,0001,2021-02-03 21:19:53.135,2,13334,2286,594,0,0
572,2021020300010030845,0001,2021-02-03 21:19:54.136,2,11880,2363,529,0,0
573,2021020300010030845,0001,2021-02-03 21:19:55.152,2,10590,2421,524,1,1
574,2021020300010030845,0001,2021-02-03 21:19:56.167,2,9341,2394,547,1,1
575,2021020300010030845,0001,2021-02-03 21:19:57.182,2,7966,2341,546,1,1
576,2021020300010030845,0001,2021-02-03 21:19:58.198,2,6664,2247,529,2,2
577,2021020300010030845,0001,2021-02-03 21:19:59.213,2,5528,2273,557,2,2
578,2021020300010030845,0001,2021-02-03 21:20:00.228,2,4007,2287,602,3,3
579,2021020300010030845,0001,2021-02-03 21:20:01.244,2,2894,2375,540,3,3
580,2021020300010030845,0001,2021-02-03 21:20:02.259,2,1529,2300,520,3,3
581,2021020300010030845,0001,2021-02-03 21:20:03.275,2,270,2688,563,4,4
582,2021020300010030848,0001,2021-02-03 21:20:21.545,2,13937,3321,472,0,0
583,2021020300010030848,0001,2021-02-03 21:20:22.56,2,12563,3214,524,0,0
584,2021020300010030848,0001,2021-02-03 21:20:23.561,2,11102,3447,508,0,0
585,2021020300010030848,0001,2021-02-03 21:20:24.577,2,9770,3775,504,1,1
586,2021020300010030848,0001,2021-02-03 21:20:25.592,2,8393,4118,545,1,1
587,2021020300010030848,0001,2021-02-03 21:20:26.607,2,7000,3962,568,2,2
588,2021020300010030848,0001,2021-02-03 21:20:27.623,2,5625,3866,538,2,2
589,2021020300010030848,0001,2021-02-03 21:20:28.638,2,4237,4114,560,2,2
590,2021020300010030848,0001,2021-02-03 21:20:29.654,2,2818,3955,517,3,3
591,2021020300010030848,0001,2021-02-03 21:20:30.669,2,1300,3802,474,3,3
592,2021020300010030868,0001,2021-02-03 21:23:21.12,2,13389,1290,602,0,0
593,2021020300010030869,0001,2021-02-03 21:23:21.12,2,13817,2129,674,0,0
594,2021020300010030868,0001,2021-02-03 21:23:22.135,2,12088,1351,598,0,0
595,2021020300010030869,0001,2021-02-03 21:23:22.135,2,12441,2084,581,0,0
596,2021020300010030868,0001,2021-02-03 21:23:23.151,2,10756,1417,576,1,1
597,2021020300010030869,0001,2021-02-03 21:23:23.151,2,11030,2120,548,0,0
598,2021020300010030868,0001,2021-02-03 21:23:24.152,2,9523,1381,593,1,1
599,2021020300010030869,0001,2021-02-03 21:23:24.152,2,9773,2212,533,1,1
600,2021020300010030868,0001,2021-02-03 21:23:25.167,2,8132,1394,657,1,1
601,2021020300010030869,0001,2021-02-03 21:23:25.167,2,8531,2327,551,1,1
602,2021020300010030868,0001,2021-02-03 21:23:26.183,2,7421,1240,465,2,2
603,2021020300010030869,0001,2021-02-03 21:23:26.183,2,7829,2394,575,1,1
604,2021020300010030868,0001,2021-02-03 21:23:28.213,1,7421,1240,465,2,2
605,2021020300010030869,0001,2021-02-03 21:23:28.213,1,7829,2394,575,2,2
606,2021020300010030871,0001,2021-02-03 21:23:28.213,1,4236,1664,613,0,0
607,2021020300010030872,0001,2021-02-03 21:23:28.213,1,4833,2610,552,0,0
608,2021020300010030868,0001,2021-02-03 21:23:29.229,1,7421,1240,465,2,2
609,2021020300010030869,0001,2021-02-03 21:23:29.229,1,7829,2394,575,2,2
610,2021020300010030871,0001,2021-02-03 21:23:29.229,1,2898,1778,421,0,0
611,2021020300010030872,0001,2021-02-03 21:23:29.229,1,3471,2770,506,0,0
612,2021020300010030868,0001,2021-02-03 21:23:30.244,1,7421,1240,465,3,3
613,2021020300010030869,0001,2021-02-03 21:23:30.244,1,7829,2394,575,2,2
614,2021020300010030871,0001,2021-02-03 21:23:30.244,1,1601,2045,447,0,0
615,2021020300010030872,0001,2021-02-03 21:23:30.244,1,2427,3003,359,0,0
616,2021020300010030871,0001,2021-02-03 21:23:31.259,1,252,2556,457,1,1
617,2021020300010030872,0001,2021-02-03 21:23:31.259,1,1167,3600,564,1,1
618,2021020300010030875,0001,2021-02-03 21:23:39.368,2,13948,2352,385,0,0
619,2021020300010030876,0001,2021-02-03 21:23:39.368,2,13491,3230,481,0,0
620,2021020300010030875,0001,2021-02-03 21:23:40.384,2,11955,2491,613,0,0
621,2021020300010030876,0001,2021-02-03 21:23:40.384,2,12081,3294,551,0,0
622,2021020300010030875,0001,2021-02-03 21:23:41.399,2,10500,2474,516,1,1
623,2021020300010030876,0001,2021-02-03 21:23:41.399,2,10758,3316,556,1,1
624,2021020300010030875,0001,2021-02-03 21:23:42.415,2,9172,2503,535,1,1
625,2021020300010030876,0001,2021-02-03 21:23:42.415,2,9407,3354,568,1,1
626,2021020300010030875,0001,2021-02-03 21:23:43.43,2,7816,2449,580,1,1
627,2021020300010030876,0001,2021-02-03 21:23:43.43,2,8052,3417,610,1,1
628,2021020300010030875,0001,2021-02-03 21:23:44.445,2,6658,2457,563,2,2
629,2021020300010030876,0001,2021-02-03 21:23:44.445,2,6807,3414,635,2,2
630,2021020300010030875,0001,2021-02-03 21:23:45.461,2,5348,2427,611,2,2
631,2021020300010030876,0001,2021-02-03 21:23:45.461,2,5607,3375,623,2,2
632,2021020300010030875,0001,2021-02-03 21:23:46.476,2,3964,2474,622,3,3
633,2021020300010030876,0001,2021-02-03 21:23:46.476,2,4215,3253,475,3,3
634,2021020300010030875,0001,2021-02-03 21:23:47.492,2,2610,2553,668,3,3
635,2021020300010030876,0001,2021-02-03 21:23:47.492,2,3120,3293,560,3,3
636,2021020300010030875,0001,2021-02-03 21:23:48.507,2,1640,2706,393,3,3
637,2021020300010030876,0001,2021-02-03 21:23:48.507,2,2176,3359,531,3,3
638,2021020300010030875,0001,2021-02-03 21:23:50.538,1,1640,2706,393,4,4
639,2021020300010030876,0001,2021-02-03 21:23:50.538,1,2176,3359,531,3,3
640,2021020300010030875,0001,2021-02-03 21:23:51.553,1,1640,2706,393,4,4
641,2021020300010030876,0001,2021-02-03 21:23:51.553,1,2176,3359,531,4,4
642,2021020300010030875,0001,2021-02-03 21:23:52.568,1,1640,2706,393,4,4
643,2021020300010030876,0001,2021-02-03 21:23:52.568,1,2176,3359,531,4,4
644,2021020300010030879,0001,2021-02-03 21:24:03.724,2,12973,3261,526,0,0
645,2021020300010030879,0001,2021-02-03 21:24:04.74,2,11442,3280,521,0,0
646,2021020300010030879,0001,2021-02-03 21:24:05.755,2,10003,3274,508,1,1
647,2021020300010030879,0001,2021-02-03 21:24:06.77,2,8572,3269,521,1,1
648,2021020300010030879,0001,2021-02-03 21:24:07.786,2,7061,3330,477,2,2
649,2021020300010030879,0001,2021-02-03 21:24:08.787,2,5635,3270,485,2,2
650,2021020300010030879,0001,2021-02-03 21:24:09.802,2,4185,3141,482,2,2
651,2021020300010030879,0001,2021-02-03 21:24:10.818,2,2789,3050,493,3,3
652,2021020300010030879,0001,2021-02-03 21:24:11.833,2,1338,3187,429,3,3
653,2021020300010030879,0001,2021-02-03 21:24:12.849,2,109,3761,483,4,4
654,2021020300010030910,0001,2021-02-03 21:26:47.048,2,12466,3564,656,0,0
655,2021020300010030910,0001,2021-02-03 21:26:48.063,2,8989,3654,465,0,0
656,2021020300010030910,0001,2021-02-03 21:26:49.078,2,5652,3891,705,1,1
657,2021020300010030910,0001,2021-02-03 21:26:50.094,2,2758,3790,598,1,1
658,2021020300010030910,0001,2021-02-03 21:26:51.109,2,247,4063,575,1,1
659,2021020300010030913,0001,2021-02-03 21:27:17.444,2,13080,3665,525,0,0
660,2021020300010030913,0001,2021-02-03 21:27:18.446,2,11647,3786,556,0,0
661,2021020300010030913,0001,2021-02-03 21:27:19.461,2,10162,3802,594,1,1
662,2021020300010030913,0001,2021-02-03 21:27:20.476,2,8804,3876,528,1,1
663,2021020300010030913,0001,2021-02-03 21:27:21.492,2,7432,3870,519,1,1
664,2021020300010030913,0001,2021-02-03 21:27:22.507,2,6090,3824,535,2,2
665,2021020300010030913,0001,2021-02-03 21:27:23.508,2,4751,3779,531,2,2
666,2021020300010030913,0001,2021-02-03 21:27:24.524,2,3303,3736,528,3,3
667,2021020300010030913,0001,2021-02-03 21:27:25.539,2,2033,3735,524,3,3
668,2021020300010030913,0001,2021-02-03 21:27:26.554,2,541,3873,500,4,4
669,2021020300010030920,0001,2021-02-03 21:27:51.925,2,13547,2311,489,0,0
670,2021020300010030920,0001,2021-02-03 21:27:52.94,2,12125,2302,551,0,0
671,2021020300010030922,0001,2021-02-03 21:27:52.94,2,13041,4243,611,0,0
672,2021020300010030920,0001,2021-02-03 21:27:53.942,2,10878,2239,551,1,1
673,2021020300010030922,0001,2021-02-03 21:27:53.942,2,11562,4479,606,0,0
674,2021020300010030920,0001,2021-02-03 21:27:54.957,2,9622,2090,529,1,1
675,2021020300010030922,0001,2021-02-03 21:27:54.957,2,9970,4706,644,1,1
676,2021020300010030920,0001,2021-02-03 21:27:55.973,2,8379,1936,538,1,1
677,2021020300010030922,0001,2021-02-03 21:27:55.973,2,8480,4752,708,1,1
678,2021020300010030920,0001,2021-02-03 21:27:56.988,2,7127,1878,528,2,2
679,2021020300010030922,0001,2021-02-03 21:27:56.988,2,6941,4660,621,1,1
680,2021020300010030920,0001,2021-02-03 21:27:58.003,2,5897,1819,531,2,2
681,2021020300010030922,0001,2021-02-03 21:27:58.003,2,5522,4704,718,2,2
682,2021020300010030920,0001,2021-02-03 21:27:59.019,2,4707,1824,584,3,3
683,2021020300010030922,0001,2021-02-03 21:27:59.019,2,4147,4682,726,2,2
684,2021020300010030920,0001,2021-02-03 21:28:00.034,2,3359,1822,563,3,3
685,2021020300010030922,0001,2021-02-03 21:28:00.034,2,2599,4289,500,3,3
686,2021020300010030920,0001,2021-02-03 21:28:01.049,2,2296,1924,546,3,3
687,2021020300010030922,0001,2021-02-03 21:28:01.049,2,1310,4195,449,3,3
688,2021020300010030920,0001,2021-02-03 21:28:02.065,2,893,1804,486,4,4
689,2021020300010030927,0001,2021-02-03 21:28:02.065,2,13762,2569,526,0,0
690,2021020300010030927,0001,2021-02-03 21:28:03.08,2,12191,2508,599,0,0
691,2021020300010030927,0001,2021-02-03 21:28:04.095,2,10848,2555,593,0,0
692,2021020300010030927,0001,2021-02-03 21:28:05.111,2,9472,2584,612,1,1
693,2021020300010030927,0001,2021-02-03 21:28:06.126,2,8028,2649,602,1,1
694,2021020300010030927,0001,2021-02-03 21:28:07.142,2,6619,2728,612,2,2
695,2021020300010030927,0001,2021-02-03 21:28:08.157,2,5224,2781,585,2,2
696,2021020300010030927,0001,2021-02-03 21:28:09.158,2,3845,2879,563,2,2
697,2021020300010030927,0001,2021-02-03 21:28:10.174,2,2569,3085,465,3,3
698,2021020300010030927,0001,2021-02-03 21:28:11.189,2,1171,3340,457,3,3
699,2021020300010030929,0001,2021-02-03 21:28:18.297,2,1499,3909,368,0,0
700,2021020300010030929,0001,2021-02-03 21:28:19.312,2,3290,3924,602,0,0
701,2021020300010030929,0001,2021-02-03 21:28:20.328,2,4599,3713,473,1,1
702,2021020300010030929,0001,2021-02-03 21:28:21.343,2,6181,3644,471,1,1
703,2021020300010030929,0001,2021-02-03 21:28:22.358,2,7800,3600,572,1,1
704,2021020300010030929,0001,2021-02-03 21:28:23.374,2,9336,3585,618,2,2
705,2021020300010030929,0001,2021-02-03 21:28:24.387,2,11099,3660,614,2,2
706,2021020300010030929,0001,2021-02-03 21:28:25.403,2,12631,3660,434,3,3
707,2021020300010030929,0001,2021-02-03 21:28:26.418,2,14285,3849,354,3,3
708,2021020300010030931,0001,2021-02-03 21:28:27.433,2,13380,2540,595,0,0
709,2021020300010030931,0001,2021-02-03 21:28:28.449,2,11957,2760,642,0,0
710,2021020300010030931,0001,2021-02-03 21:28:29.464,2,10578,3008,626,1,1
711,2021020300010030931,0001,2021-02-03 21:28:30.479,2,9171,3181,637,1,1
712,2021020300010030931,0001,2021-02-03 21:28:31.495,2,7731,3303,555,1,1
713,2021020300010030931,0001,2021-02-03 21:28:32.51,2,6372,3355,637,2,2
714,2021020300010030931,0001,2021-02-03 21:28:33.526,2,4836,3424,602,2,2
715,2021020300010030931,0001,2021-02-03 21:28:34.541,2,3511,3506,604,3,3
716,2021020300010030931,0001,2021-02-03 21:28:35.557,2,2288,3718,669,3,3
717,2021020300010030931,0001,2021-02-03 21:28:36.572,2,756,3844,564,3,3
718,2021020300010030939,0001,2021-02-03 21:29:41.487,2,13900,3387,436,0,0
719,2021020300010030939,0001,2021-02-03 21:29:42.502,2,12334,3335,568,0,0
720,2021020300010030939,0001,2021-02-03 21:29:43.517,2,10698,3348,547,0,0
721,2021020300010030939,0001,2021-02-03 21:29:44.533,2,8850,3310,508,1,1
722,2021020300010030939,0001,2021-02-03 21:29:45.548,2,7228,3376,638,1,1
723,2021020300010030939,0001,2021-02-03 21:29:46.563,2,5519,3372,568,2,2
724,2021020300010030939,0001,2021-02-03 21:29:47.579,2,3632,3481,464,2,2
725,2021020300010030939,0001,2021-02-03 21:29:48.594,2,1960,3635,399,2,2
726,2021020300010030939,0001,2021-02-03 21:29:49.609,2,314,4084,427,3,3
727,2021020300010030944,0001,2021-02-03 21:30:42.367,2,540,3244,443,0,0
728,2021020300010030944,0001,2021-02-03 21:30:43.383,2,2009,3052,596,0,0
729,2021020300010030944,0001,2021-02-03 21:30:44.398,2,3394,2871,648,0,0
730,2021020300010030944,0001,2021-02-03 21:30:45.413,2,4930,2693,668,1,1
731,2021020300010030944,0001,2021-02-03 21:30:46.429,2,6363,2604,662,1,1
732,2021020300010030944,0001,2021-02-03 21:30:47.444,2,7768,2467,675,2,2
733,2021020300010030944,0001,2021-02-03 21:30:48.46,2,9111,2354,659,2,2
734,2021020300010030944,0001,2021-02-03 21:30:49.475,2,10615,2256,664,3,3
735,2021020300010030944,0001,2021-02-03 21:30:50.49,2,11994,2223,640,3,3
736,2021020300010030944,0001,2021-02-03 21:30:51.506,2,12844,2178,625,3,3
737,2021020300010030948,0001,2021-02-03 21:30:51.506,2,13004,3683,585,0,0
738,2021020300010030953,0001,2021-02-03 21:30:51.506,2,13487,2227,659,0,0
739,2021020300010030944,0001,2021-02-03 21:30:52.521,2,12844,2178,625,4,4
740,2021020300010030948,0001,2021-02-03 21:30:52.521,2,11655,3591,586,0,0
741,2021020300010030944,0001,2021-02-03 21:30:53.522,2,12844,2178,625,4,4
742,2021020300010030948,0001,2021-02-03 21:30:53.522,2,10295,3546,587,1,1
743,2021020300010030948,0001,2021-02-03 21:30:54.538,2,8820,3475,587,1,1
744,2021020300010030948,0001,2021-02-03 21:30:55.553,2,7425,3525,569,1,1
745,2021020300010030948,0001,2021-02-03 21:30:56.569,2,6018,3567,560,2,2
746,2021020300010030948,0001,2021-02-03 21:30:57.584,2,4549,3643,574,2,2
747,2021020300010030948,0001,2021-02-03 21:30:58.599,2,3147,3759,489,3,3
748,2021020300010030948,0001,2021-02-03 21:30:59.615,2,1805,4032,445,3,3
749,2021020300010030948,0001,2021-02-03 21:31:00.63,2,300,4224,453,4,4
750,2021020300010030963,0001,2021-02-03 21:31:51.359,2,14193,3319,439,0,0
751,2021020300010030963,0001,2021-02-03 21:31:52.374,2,13002,3490,442,0,0
752,2021020300010030963,0001,2021-02-03 21:31:53.39,2,12022,3601,476,0,0
753,2021020300010030963,0001,2021-02-03 21:31:54.391,2,10803,3564,520,1,1
754,2021020300010030963,0001,2021-02-03 21:31:55.406,2,9650,3466,479,1,1
755,2021020300010030963,0001,2021-02-03 21:31:56.421,2,8564,3484,492,2,2
756,2021020300010030963,0001,2021-02-03 21:31:57.437,2,7363,3513,445,2,2
757,2021020300010030963,0001,2021-02-03 21:31:58.452,2,6228,3543,426,2,2
758,2021020300010030963,0001,2021-02-03 21:31:59.468,2,5143,3539,472,3,3
759,2021020300010030963,0001,2021-02-03 21:32:00.483,2,3917,3513,441,3,3
760,2021020300010030963,0001,2021-02-03 21:32:01.499,2,2866,3575,416,4,4
761,2021020300010030963,0001,2021-02-03 21:32:02.514,2,1667,3701,390,4,4
762,2021020300010030963,0001,2021-02-03 21:32:03.529,2,541,3910,431,4,4
763,2021020300010030969,0001,2021-02-03 21:32:16.715,2,600,3662,650,0,0
764,2021020300010030969,0001,2021-02-03 21:32:17.731,2,2256,3214,575,0,0
765,2021020300010030969,0001,2021-02-03 21:32:18.746,2,3810,2965,572,0,0
766,2021020300010030969,0001,2021-02-03 21:32:19.761,2,5508,2811,616,1,1
767,2021020300010030969,0001,2021-02-03 21:32:20.777,2,7071,2615,675,1,1
768,2021020300010030969,0001,2021-02-03 21:32:21.792,2,8640,2422,696,2,2
769,2021020300010030970,0001,2021-02-03 21:32:21.792,2,8909,2329,727,0,0
770,2021020300010030969,0001,2021-02-03 21:32:22.808,2,8640,2422,696,2,2
771,2021020300010030970,0001,2021-02-03 21:32:22.808,2,10664,2075,777,0,0
772,2021020300010030969,0001,2021-02-03 21:32:23.809,2,8640,2422,696,3,3
773,2021020300010030970,0001,2021-02-03 21:32:23.809,2,12484,1893,827,0,0
774,2021020300010030969,0001,2021-02-03 21:32:24.824,2,8640,2422,696,3,3
775,2021020300010030970,0001,2021-02-03 21:32:24.824,2,12764,1993,622,1,1
776,2021020300010030972,0001,2021-02-03 21:32:24.824,2,14168,1800,757,0,0
777,2021020300010030970,0001,2021-02-03 21:32:25.84,2,12764,1993,622,1,1
778,2021020300010030975,0001,2021-02-03 21:32:42.086,2,1484,1511,571,0,0
779,2021020300010030975,0001,2021-02-03 21:32:43.101,2,3393,1584,528,0,0
780,2021020300010030975,0001,2021-02-03 21:32:44.117,2,5037,1627,501,1,1
781,2021020300010030975,0001,2021-02-03 21:32:45.132,2,6991,1847,713,1,1
782,2021020300010030975,0001,2021-02-03 21:32:46.148,2,8556,1838,421,1,1
783,2021020300010030975,0001,2021-02-03 21:32:47.163,2,10490,2000,521,2,2
784,2021020300010030975,0001,2021-02-03 21:32:48.178,2,12036,1881,618,2,2
785,2021020300010030975,0001,2021-02-03 21:32:49.194,2,13905,1893,377,3,3
786,2021020300010030978,0001,2021-02-03 21:33:02.38,2,177,2775,705,0,0
787,2021020300010030978,0001,2021-02-03 21:33:03.395,2,1740,2831,803,0,0
788,2021020300010030978,0001,2021-02-03 21:33:04.41,2,3368,2717,795,0,0
789,2021020300010030978,0001,2021-02-03 21:33:05.426,2,4896,2621,810,1,1
790,2021020300010030978,0001,2021-02-03 21:33:06.441,2,6385,2565,574,1,1
791,2021020300010030978,0001,2021-02-03 21:33:07.457,2,8056,2368,556,2,2
792,2021020300010030978,0001,2021-02-03 21:33:08.458,2,9495,2213,468,2,2
793,2021020300010030978,0001,2021-02-03 21:33:09.473,2,11092,2105,495,2,2
794,2021020300010030978,0001,2021-02-03 21:33:10.489,2,12920,1804,668,3,3
795,2021020300010030984,0001,2021-02-03 21:33:32.813,2,13572,3040,670,0,0
796,2021020300010030984,0001,2021-02-03 21:33:33.829,2,9403,3145,692,0,0
797,2021020300010030984,0001,2021-02-03 21:33:34.844,2,5525,3099,683,0,0
798,2021020300010030984,0001,2021-02-03 21:33:35.859,2,1808,3099,479,1,1
799,2021020300010030986,0001,2021-02-03 21:34:00.201,2,14251,2368,438,0,0
800,2021020300010030987,0001,2021-02-03 21:34:00.201,2,12748,554,784,0,0
801,2021020300010030986,0001,2021-02-03 21:34:01.216,2,13027,2321,492,0,0
802,2021020300010030987,0001,2021-02-03 21:34:01.216,2,11031,601,627,0,0
803,2021020300010030986,0001,2021-02-03 21:34:02.231,2,11644,2369,531,0,0
804,2021020300010030987,0001,2021-02-03 21:34:02.231,2,9279,913,610,1,1
805,2021020300010030991,0001,2021-02-03 21:34:02.231,2,9625,1108,620,0,0
806,2021020300010030986,0001,2021-02-03 21:34:03.247,2,10350,2357,493,1,1
807,2021020300010030987,0001,2021-02-03 21:34:03.247,2,7365,1430,851,1,1
808,2021020300010030986,0001,2021-02-03 21:34:04.262,2,9104,2397,487,1,1
809,2021020300010030987,0001,2021-02-03 21:34:04.262,2,5732,1772,833,1,1
810,2021020300010030986,0001,2021-02-03 21:34:05.277,2,7710,2431,494,2,2
811,2021020300010030987,0001,2021-02-03 21:34:05.277,2,4143,2134,764,2,2
812,2021020300010030986,0001,2021-02-03 21:34:06.293,2,6289,2447,474,2,2
813,2021020300010030987,0001,2021-02-03 21:34:06.293,2,2976,2219,430,2,2
814,2021020300010030993,0001,2021-02-03 21:34:06.293,2,2227,2514,585,0,0
815,2021020300010030986,0001,2021-02-03 21:34:07.308,2,5024,2491,514,2,2
816,2021020300010030987,0001,2021-02-03 21:34:07.308,2,2976,2219,430,3,3
817,2021020300010030993,0001,2021-02-03 21:34:07.308,2,661,2921,524,0,0
818,2021020300010030986,0001,2021-02-03 21:34:08.324,2,3668,2558,491,3,3
819,2021020300010030987,0001,2021-02-03 21:34:08.324,2,2976,2219,430,3,3
820,2021020300010030990,0001,2021-02-03 21:34:08.324,2,13634,1890,469,0,0
821,2021020300010030986,0001,2021-02-03 21:34:09.325,2,2396,2642,474,3,3
822,2021020300010030990,0001,2021-02-03 21:34:09.325,2,12169,1713,531,0,0
823,2021020300010030986,0001,2021-02-03 21:34:10.34,2,1108,2907,422,4,4
824,2021020300010030990,0001,2021-02-03 21:34:10.34,2,10644,1759,539,0,0
825,2021020300010030990,0001,2021-02-03 21:34:11.356,2,9261,1759,498,1,1
826,2021020300010030990,0001,2021-02-03 21:34:12.371,2,7748,1630,521,1,1
827,2021020300010030990,0001,2021-02-03 21:34:13.387,2,6373,1517,553,2,2
828,2021020300010030990,0001,2021-02-03 21:34:14.402,2,4965,1521,561,2,2
829,2021020300010030990,0001,2021-02-03 21:34:15.417,2,3550,1598,579,3,3
830,2021020300010030990,0001,2021-02-03 21:34:16.433,2,2068,1726,423,3,3
831,2021020300010030990,0001,2021-02-03 21:34:17.448,2,839,2221,413,3,3
832,2021020300010031001,0001,2021-02-03 21:35:27.467,2,13507,2195,550,0,0
833,2021020300010031001,0001,2021-02-03 21:35:28.483,2,12563,2271,558,0,0
834,2021020300010031001,0001,2021-02-03 21:35:29.498,2,11564,2274,568,1,1
835,2021020300010031001,0001,2021-02-03 21:35:30.514,2,10676,2318,573,1,1
836,2021020300010031001,0001,2021-02-03 21:35:31.529,2,9726,2448,571,1,1
837,2021020300010031001,0001,2021-02-03 21:35:32.544,2,8753,2553,650,2,2
838,2021020300010031001,0001,2021-02-03 21:35:33.56,2,7760,2580,687,2,2
839,2021020300010031001,0001,2021-02-03 21:35:34.575,2,6775,2586,676,3,3
840,2021020300010031001,0001,2021-02-03 21:35:35.591,2,5788,2581,682,3,3
841,2021020300010031001,0001,2021-02-03 21:35:36.606,2,4738,2551,548,3,3
842,2021020300010031001,0001,2021-02-03 21:35:37.621,2,3648,2571,540,4,4
843,2021020300010031001,0001,2021-02-03 21:35:38.623,2,2617,2717,491,4,4
844,2021020300010031001,0001,2021-02-03 21:35:39.638,2,1603,2811,457,5,5
845,2021020300010031001,0001,2021-02-03 21:35:40.654,2,573,3069,603,5,5
846,2021020300010031004,0001,2021-02-03 21:35:53.84,2,14160,4094,459,0,0
847,2021020300010031004,0001,2021-02-03 21:35:54.855,2,12562,3939,786,0,0
848,2021020300010031004,0001,2021-02-03 21:35:55.87,2,11161,3943,785,0,0
849,2021020300010031004,0001,2021-02-03 21:35:56.886,2,9667,4001,758,1,1
850,2021020300010031004,0001,2021-02-03 21:35:57.901,2,8125,4186,406,1,1
851,2021020300010031004,0001,2021-02-03 21:35:58.916,2,6767,3992,728,2,2
852,2021020300010031004,0001,2021-02-03 21:35:59.932,2,5256,3914,744,2,2
853,2021020300010031004,0001,2021-02-03 21:36:00.947,2,3857,3872,733,2,2
854,2021020300010031004,0001,2021-02-03 21:36:01.963,2,2421,3878,647,3,3
855,2021020300010031004,0001,2021-02-03 21:36:02.978,2,1103,3979,397,3,3
856,2021020300010031011,0001,2021-02-03 21:37:17.007,2,13033,2949,585,0,0
857,2021020300010031011,0001,2021-02-03 21:37:18.022,2,11634,2874,578,0,0
858,2021020300010031011,0001,2021-02-03 21:37:19.023,2,10314,2813,567,1,1
859,2021020300010031011,0001,2021-02-03 21:37:20.039,2,9062,2836,625,1,1
860,2021020300010031011,0001,2021-02-03 21:37:21.054,2,7626,2815,573,1,1
861,2021020300010031011,0001,2021-02-03 21:37:22.069,2,6333,2856,619,2,2
862,2021020300010031011,0001,2021-02-03 21:37:23.085,2,4951,2935,596,2,2
863,2021020300010031011,0001,2021-02-03 21:37:24.086,2,3624,3127,559,3,3
864,2021020300010031011,0001,2021-02-03 21:37:25.102,2,2335,3197,539,3,3
865,2021020300010031011,0001,2021-02-03 21:37:26.117,2,977,3426,546,4,4
866,2021020300010031016,0001,2021-02-03 21:37:59.597,2,13319,3384,625,0,0
867,2021020300010031016,0001,2021-02-03 21:38:00.612,2,12305,3342,530,0,0
868,2021020300010031016,0001,2021-02-03 21:38:01.627,2,11074,3256,547,1,1
869,2021020300010031016,0001,2021-02-03 21:38:02.643,2,9528,3167,603,1,1
870,2021020300010031016,0001,2021-02-03 21:38:03.658,2,8156,3072,594,1,1
871,2021020300010031016,0001,2021-02-03 21:38:04.673,2,6879,3010,629,2,2
872,2021020300010031016,0001,2021-02-03 21:38:05.689,2,5735,3110,694,2,2
873,2021020300010031016,0001,2021-02-03 21:38:06.704,2,4424,3184,667,3,3
874,2021020300010031016,0001,2021-02-03 21:38:07.719,2,3255,3319,592,3,3
875,2021020300010031016,0001,2021-02-03 21:38:08.721,2,1919,3315,518,3,3
876,2021020300010031016,0001,2021-02-03 21:38:09.736,2,745,3599,519,4,4
877,2021020300010031027,0001,2021-02-03 21:38:25.968,2,14118,754,531,0,0
878,2021020300010031027,0001,2021-02-03 21:38:26.984,2,12845,648,761,0,0
879,2021020300010031027,0001,2021-02-03 21:38:27.999,2,11510,630,678,0,0
880,2021020300010031027,0001,2021-02-03 21:38:29.014,2,10254,652,624,1,1
881,2021020300010031026,0001,2021-02-03 21:38:30.03,2,13475,3137,540,0,0
882,2021020300010031027,0001,2021-02-03 21:38:30.03,2,9062,677,688,1,1
883,2021020300010031026,0001,2021-02-03 21:38:31.045,2,12218,3172,410,0,0
884,2021020300010031027,0001,2021-02-03 21:38:31.045,2,7665,708,705,2,2
885,2021020300010031026,0001,2021-02-03 21:38:32.061,2,10971,3270,422,1,1
886,2021020300010031027,0001,2021-02-03 21:38:32.061,2,6348,839,630,2,2
887,2021020300010031026,0001,2021-02-03 21:38:33.076,2,9746,3259,441,1,1
888,2021020300010031027,0001,2021-02-03 21:38:33.076,2,5177,1127,528,2,2
889,2021020300010031026,0001,2021-02-03 21:38:34.091,2,8429,3217,449,1,1
890,2021020300010031027,0001,2021-02-03 21:38:34.091,2,4038,1509,489,3,3
891,2021020300010031026,0001,2021-02-03 21:38:35.107,2,7125,3207,488,2,2
892,2021020300010031027,0001,2021-02-03 21:38:35.107,2,2733,1980,495,3,3
893,2021020300010031026,0001,2021-02-03 21:38:36.122,2,5883,3149,525,2,2
894,2021020300010031027,0001,2021-02-03 21:38:36.122,2,1545,2489,529,4,4
895,2021020300010031026,0001,2021-02-03 21:38:37.138,2,4651,3130,512,3,3
896,2021020300010031027,0001,2021-02-03 21:38:37.138,2,428,2939,626,4,4
897,2021020300010031026,0001,2021-02-03 21:38:38.153,2,3474,3121,412,3,3
898,2021020300010031026,0001,2021-02-03 21:38:39.154,2,3474,3121,412,3,3
899,2021020300010031026,0001,2021-02-03 21:38:40.17,2,3474,3121,412,4,4
900,2021020300010031028,0001,2021-02-03 21:38:40.17,2,767,3520,371,0,0
901,2021020300010031030,0001,2021-02-03 21:39:15.68,2,13276,405,581,0,0
902,2021020300010031030,0001,2021-02-03 21:39:16.695,2,12058,393,580,0,0
903,2021020300010031030,0001,2021-02-03 21:39:17.711,2,10783,399,612,1,1
904,2021020300010031030,0001,2021-02-03 21:39:18.726,2,9482,476,622,1,1
905,2021020300010031030,0001,2021-02-03 21:39:19.741,2,8229,538,647,1,1
906,2021020300010031030,0001,2021-02-03 21:39:20.757,2,6953,577,609,2,2
907,2021020300010031030,0001,2021-02-03 21:39:21.772,2,5790,491,637,2,2
908,2021020300010031030,0001,2021-02-03 21:39:22.788,2,4474,491,631,3,3
909,2021020300010031030,0001,2021-02-03 21:39:23.802,2,3276,512,625,3,3
910,2021020300010031030,0001,2021-02-03 21:39:24.817,2,2097,524,623,3,3
911,2021020300010031030,0001,2021-02-03 21:39:25.833,2,846,575,607,4,4
912,2021020300010031032,0001,2021-02-03 21:39:26.848,2,13245,462,578,0,0
913,2021020300010031032,0001,2021-02-03 21:39:27.863,2,12224,398,597,0,0
914,2021020300010031032,0001,2021-02-03 21:39:28.879,2,11086,435,581,1,1
915,2021020300010031032,0001,2021-02-03 21:39:29.894,2,10063,460,572,1,1
916,2021020300010031032,0001,2021-02-03 21:39:30.91,2,9130,477,562,2,2
917,2021020300010031032,0001,2021-02-03 21:39:31.925,2,8036,544,529,2,2
918,2021020300010031032,0001,2021-02-03 21:39:32.94,2,6879,693,547,2,2
919,2021020300010031032,0001,2021-02-03 21:39:33.956,2,5837,598,542,3,3
920,2021020300010031032,0001,2021-02-03 21:39:34.971,2,4807,493,528,3,3
921,2021020300010031032,0001,2021-02-03 21:39:35.987,2,3709,421,521,4,4
922,2021020300010031032,0001,2021-02-03 21:39:37.002,2,2635,480,546,4,4
923,2021020300010031032,0001,2021-02-03 21:39:38.017,2,1625,612,540,4,4
924,2021020300010031032,0001,2021-02-03 21:39:39.019,2,541,621,475,5,5
925,2021020300010031042,0001,2021-02-03 21:40:05.405,2,13798,2621,626,0,0
926,2021020300010031043,0001,2021-02-03 21:40:05.405,2,13740,3559,558,0,0
927,2021020300010031042,0001,2021-02-03 21:40:06.42,2,12432,2644,590,0,0
928,2021020300010031043,0001,2021-02-03 21:40:06.42,2,12288,3523,558,0,0
929,2021020300010031042,0001,2021-02-03 21:40:07.436,2,11164,2578,605,0,0
930,2021020300010031043,0001,2021-02-03 21:40:07.436,2,11040,3560,557,0,0
931,2021020300010031042,0001,2021-02-03 21:40:08.437,2,9835,2660,592,1,1
932,2021020300010031043,0001,2021-02-03 21:40:08.437,2,9740,3570,599,1,1
933,2021020300010031042,0001,2021-02-03 21:40:09.452,2,8603,2756,650,1,1
934,2021020300010031043,0001,2021-02-03 21:40:09.452,2,8379,3601,562,1,1
935,2021020300010031042,0001,2021-02-03 21:40:10.467,2,7275,2614,617,2,2
936,2021020300010031043,0001,2021-02-03 21:40:10.467,2,7210,3617,622,2,2
937,2021020300010031042,0001,2021-02-03 21:40:11.483,2,6009,2524,596,2,2
938,2021020300010031043,0001,2021-02-03 21:40:11.483,2,5896,3509,542,2,2
939,2021020300010031042,0001,2021-02-03 21:40:12.498,2,4785,2538,605,2,2
940,2021020300010031043,0001,2021-02-03 21:40:12.498,2,4658,3482,618,3,3
941,2021020300010031042,0001,2021-02-03 21:40:13.514,2,3448,2517,590,3,3
942,2021020300010031043,0001,2021-02-03 21:40:13.514,2,3463,3572,631,3,3
943,2021020300010031042,0001,2021-02-03 21:40:14.529,2,2124,2576,602,3,3
944,2021020300010031043,0001,2021-02-03 21:40:14.529,2,2224,3634,673,3,3
945,2021020300010031042,0001,2021-02-03 21:40:15.545,2,937,2622,609,4,4
946,2021020300010031043,0001,2021-02-03 21:40:15.545,2,854,3742,551,4,4
947,2021020300010031049,0001,2021-02-03 21:41:11.335,2,13562,2439,636,0,0
948,2021020300010031049,0001,2021-02-03 21:41:12.35,2,12434,2489,560,0,0
949,2021020300010031052,0001,2021-02-03 21:41:12.35,2,12133,1652,548,0,0
950,2021020300010031049,0001,2021-02-03 21:41:13.366,2,11154,2499,552,1,1
951,2021020300010031052,0001,2021-02-03 21:41:13.366,2,10922,1682,595,0,0
952,2021020300010031049,0001,2021-02-03 21:41:14.381,2,9848,2502,549,1,1
953,2021020300010031052,0001,2021-02-03 21:41:14.381,2,9613,1675,568,0,0
954,2021020300010031049,0001,2021-02-03 21:41:15.396,2,8642,2562,588,1,1
955,2021020300010031052,0001,2021-02-03 21:41:15.396,2,8423,1657,564,1,1
956,2021020300010031049,0001,2021-02-03 21:41:16.412,2,7518,2608,535,2,2
957,2021020300010031052,0001,2021-02-03 21:41:16.412,2,7217,1734,593,1,1
958,2021020300010031049,0001,2021-02-03 21:41:17.427,2,6249,2657,574,2,2
959,2021020300010031052,0001,2021-02-03 21:41:17.427,2,6007,1795,584,2,2
960,2021020300010031049,0001,2021-02-03 21:41:18.442,2,4945,2732,563,3,3
961,2021020300010031052,0001,2021-02-03 21:41:18.442,2,4713,1837,556,2,2
962,2021020300010031049,0001,2021-02-03 21:41:19.458,2,3913,2882,531,3,3
963,2021020300010031052,0001,2021-02-03 21:41:19.458,2,3600,1966,520,2,2
964,2021020300010031049,0001,2021-02-03 21:41:20.473,2,2502,2885,410,3,3
965,2021020300010031052,0001,2021-02-03 21:41:20.473,2,2473,2198,578,3,3
966,2021020300010031049,0001,2021-02-03 21:41:21.488,2,1636,3128,572,4,4
967,2021020300010031052,0001,2021-02-03 21:41:21.488,2,1079,2285,506,3,3
968,2021020300010031049,0001,2021-02-03 21:41:22.504,2,416,3336,532,4,4
969,2021020300010031057,0001,2021-02-03 21:42:16.277,2,13311,2703,501,0,0
970,2021020300010031057,0001,2021-02-03 21:42:17.292,2,11869,2742,589,0,0
971,2021020300010031057,0001,2021-02-03 21:42:18.308,2,10396,2595,626,1,1
972,2021020300010031057,0001,2021-02-03 21:42:19.323,2,9092,2631,577,1,1
973,2021020300010031057,0001,2021-02-03 21:42:20.338,2,7715,2733,512,1,1
974,2021020300010031057,0001,2021-02-03 21:42:21.354,2,6489,2941,530,2,2
975,2021020300010031057,0001,2021-02-03 21:42:22.369,2,5039,3197,556,2,2
976,2021020300010031057,0001,2021-02-03 21:42:23.384,2,3422,3283,657,3,3
977,2021020300010031057,0001,2021-02-03 21:42:24.386,2,1850,3302,663,3,3
978,2021020300010031057,0001,2021-02-03 21:42:25.401,2,265,3314,656,3,3
979,2021020300010031066,0001,2021-02-03 21:43:26.268,2,13231,3692,528,0,0
980,2021020300010031066,0001,2021-02-03 21:43:27.284,2,11878,3941,521,0,0
981,2021020300010031066,0001,2021-02-03 21:43:28.299,2,10583,4170,509,1,1
982,2021020300010031066,0001,2021-02-03 21:43:29.314,2,9214,4199,533,1,1
983,2021020300010031066,0001,2021-02-03 21:43:30.33,2,7870,4209,534,1,1
984,2021020300010031066,0001,2021-02-03 21:43:31.345,2,6608,4193,542,2,2
985,2021020300010031066,0001,2021-02-03 21:43:32.361,2,5082,4194,509,2,2
986,2021020300010031066,0001,2021-02-03 21:43:33.376,2,3669,4262,415,3,3
987,2021020300010031066,0001,2021-02-03 21:43:34.391,2,2392,4416,464,3,3
988,2021020300010031066,0001,2021-02-03 21:43:35.407,2,1097,4471,504,3,3
989,2021020300010031070,0001,2021-02-03 21:44:14.979,2,13836,1396,436,0,0
990,2021020300010031070,0001,2021-02-03 21:44:15.994,2,12413,1578,546,0,0
991,2021020300010031071,0001,2021-02-03 21:44:15.994,2,13308,3627,378,0,0
992,2021020300010031070,0001,2021-02-03 21:44:17.01,2,10784,1564,572,0,0
993,2021020300010031071,0001,2021-02-03 21:44:17.01,2,11884,3632,514,0,0
994,2021020300010031070,0001,2021-02-03 21:44:18.025,2,9206,1500,574,1,1
995,2021020300010031071,0001,2021-02-03 21:44:18.025,2,10571,3662,512,1,1
996,2021020300010031070,0001,2021-02-03 21:44:19.04,2,7662,1420,546,1,1
997,2021020300010031071,0001,2021-02-03 21:44:19.04,2,9087,3650,503,1,1
998,2021020300010031070,0001,2021-02-03 21:44:20.056,2,6055,1484,567,2,2
999,2021020300010031071,0001,2021-02-03 21:44:20.056,2,7664,3596,504,1,1
1000,2021020300010031070,0001,2021-02-03 21:44:21.071,2,4582,1731,578,2,2
1001,2021020300010031071,0001,2021-02-03 21:44:21.071,2,6297,3601,458,2,2
1002,2021020300010031070,0001,2021-02-03 21:44:22.086,2,3013,1961,485,2,2
1003,2021020300010031071,0001,2021-02-03 21:44:22.086,2,5022,3625,530,2,2
1004,2021020300010031070,0001,2021-02-03 21:44:23.102,2,1521,2226,437,3,3
1005,2021020300010031071,0001,2021-02-03 21:44:23.102,2,3652,3529,450,3,3
1006,2021020300010031071,0001,2021-02-03 21:44:24.103,2,2308,3397,422,3,3
1007,2021020300010031071,0001,2021-02-03 21:44:25.119,2,1029,3306,432,3,3
1008,2021020300010031073,0001,2021-02-03 21:44:42.366,2,14080,3773,637,0,0
1009,2021020300010031073,0001,2021-02-03 21:44:43.381,2,12503,3793,633,0,0
1010,2021020300010031073,0001,2021-02-03 21:44:44.396,2,10694,3917,646,0,0
1011,2021020300010031073,0001,2021-02-03 21:44:45.412,2,9157,3981,610,1,1
1012,2021020300010031073,0001,2021-02-03 21:44:46.428,2,7539,4031,636,1,1
1013,2021020300010031073,0001,2021-02-03 21:44:47.443,2,5706,4018,653,2,2
1014,2021020300010031073,0001,2021-02-03 21:44:48.458,2,4133,4034,595,2,2
1015,2021020300010031073,0001,2021-02-03 21:44:49.472,2,2661,4154,603,2,2
1016,2021020300010031073,0001,2021-02-03 21:44:50.488,2,867,4167,375,3,3
1017,2021020300010031079,0001,2021-02-03 21:45:13.814,2,787,3812,456,0,0
1018,2021020300010031079,0001,2021-02-03 21:45:14.829,2,1845,3839,487,0,0
1019,2021020300010031079,0001,2021-02-03 21:45:15.844,2,2933,3899,497,1,1
1020,2021020300010031079,0001,2021-02-03 21:45:16.86,2,4071,3933,498,1,1
1021,2021020300010031079,0001,2021-02-03 21:45:17.875,2,5091,3856,479,1,1
1022,2021020300010031079,0001,2021-02-03 21:45:18.89,2,6071,3777,482,2,2
1023,2021020300010031079,0001,2021-02-03 21:45:19.906,2,7178,3758,544,2,2
1024,2021020300010031079,0001,2021-02-03 21:45:20.921,2,8221,3747,557,3,3
1025,2021020300010031079,0001,2021-02-03 21:45:21.937,2,9286,3728,568,3,3
1026,2021020300010031079,0001,2021-02-03 21:45:22.952,2,10462,3756,582,3,3
1027,2021020300010031079,0001,2021-02-03 21:45:23.953,2,11512,3795,536,4,4
1028,2021020300010031079,0001,2021-02-03 21:45:24.969,2,12557,3899,573,4,4
1029,2021020300010031079,0001,2021-02-03 21:45:25.984,2,13617,3966,512,5,5
1030,2021020300010031083,0001,2021-02-03 21:45:55.402,2,552,1773,835,0,0
1031,2021020300010031083,0001,2021-02-03 21:45:56.418,2,1448,1573,430,0,0
1032,2021020300010031085,0001,2021-02-03 21:45:56.418,2,1324,2116,633,0,0
1033,2021020300010031083,0001,2021-02-03 21:45:57.433,2,2221,1685,519,1,1
1034,2021020300010031085,0001,2021-02-03 21:45:57.433,2,2052,2179,569,0,0
1035,2021020300010031083,0001,2021-02-03 21:45:58.448,2,3033,1771,434,1,1
1036,2021020300010031085,0001,2021-02-03 21:45:58.448,2,2938,2257,575,0,0
1037,2021020300010031083,0001,2021-02-03 21:45:59.464,2,3854,1831,480,1,1
1038,2021020300010031085,0001,2021-02-03 21:45:59.464,2,3794,2345,556,1,1
1039,2021020300010031083,0001,2021-02-03 21:46:00.479,2,4661,1789,481,2,2
1040,2021020300010031085,0001,2021-02-03 21:46:00.479,2,4772,2065,1005,1,1
1041,2021020300010031083,0001,2021-02-03 21:46:01.495,2,5659,1783,468,2,2
1042,2021020300010031085,0001,2021-02-03 21:46:01.495,2,5613,2274,562,1,1
1043,2021020300010031083,0001,2021-02-03 21:46:02.51,2,6483,2026,1066,3,3
1044,2021020300010031085,0001,2021-02-03 21:46:02.51,2,6253,2286,521,2,2
1045,2021020300010031083,0001,2021-02-03 21:46:03.525,2,7359,2306,614,3,3
1046,2021020300010031085,0001,2021-02-03 21:46:03.525,2,6819,2315,509,2,2
1047,2021020300010031086,0001,2021-02-03 21:46:03.525,2,7443,1734,569,0,0
1048,2021020300010031083,0001,2021-02-03 21:46:04.541,2,8196,2297,623,3,3
1049,2021020300010031085,0001,2021-02-03 21:46:04.541,2,6819,2315,509,3,3
1050,2021020300010031086,0001,2021-02-03 21:46:04.541,2,8184,1721,548,0,0
1051,2021020300010031083,0001,2021-02-03 21:46:05.556,2,9086,2206,607,4,4
1052,2021020300010031086,0001,2021-02-03 21:46:05.556,2,9156,1676,528,0,0
1053,2021020300010031083,0001,2021-02-03 21:46:06.571,2,9955,2142,630,4,4
1054,2021020300010031086,0001,2021-02-03 21:46:06.571,2,10016,1563,577,1,1
1055,2021020300010031083,0001,2021-02-03 21:46:07.587,2,10535,2121,541,5,5
1056,2021020300010031086,0001,2021-02-03 21:46:07.587,2,10799,1836,1030,1,1
1057,2021020300010031083,0001,2021-02-03 21:46:08.602,2,11617,2076,593,5,5
1058,2021020300010031086,0001,2021-02-03 21:46:08.602,2,11708,1514,575,2,2
1059,2021020300010031083,0001,2021-02-03 21:46:09.618,2,11950,2055,574,6,6
1060,2021020300010031086,0001,2021-02-03 21:46:09.618,2,12587,1825,1111,2,2
1061,2021020300010031083,0001,2021-02-03 21:46:10.633,2,11950,2055,574,6,6
1062,2021020300010031086,0001,2021-02-03 21:46:10.633,2,12732,2017,578,2,2
1063,2021020300010031087,0001,2021-02-03 21:46:10.633,2,13464,1685,1016,0,0
1064,2021020300010031083,0001,2021-02-03 21:46:11.649,2,11950,2055,574,6,6
1065,2021020300010031086,0001,2021-02-03 21:46:11.649,2,12732,2017,578,3,3
1066,2021020300010031087,0001,2021-02-03 21:46:11.649,2,14161,1852,392,0,0
1067,2021020300010031086,0001,2021-02-03 21:46:12.664,2,12732,2017,578,3,3
1068,2021020300010031094,0001,2021-02-03 21:47:04.406,2,14297,3290,565,0,0
1069,2021020300010031094,0001,2021-02-03 21:47:05.422,2,13278,3420,509,0,0
1070,2021020300010031094,0001,2021-02-03 21:47:06.437,2,12244,3552,500,0,0
1071,2021020300010031094,0001,2021-02-03 21:47:07.452,2,11003,3682,514,1,1
1072,2021020300010031094,0001,2021-02-03 21:47:08.459,2,9959,3724,471,1,1
1073,2021020300010031094,0001,2021-02-03 21:47:09.475,2,8892,3706,470,1,1
1074,2021020300010031094,0001,2021-02-03 21:47:10.475,2,7940,3913,482,2,2
1075,2021020300010031094,0001,2021-02-03 21:47:11.491,2,6929,4059,469,2,2
1076,2021020300010031094,0001,2021-02-03 21:47:12.492,2,5863,4027,462,3,3
1077,2021020300010031094,0001,2021-02-03 21:47:13.494,2,4942,3980,501,3,3
1078,2021020300010031094,0001,2021-02-03 21:47:14.507,2,3820,3899,520,4,4
1079,2021020300010031094,0001,2021-02-03 21:47:15.523,2,2760,3917,538,4,4
1080,2021020300010031094,0001,2021-02-03 21:47:16.538,2,1752,4008,516,4,4
1081,2021020300010031094,0001,2021-02-03 21:47:17.554,2,721,3880,520,5,5
1082,2021020300010031096,0001,2021-02-03 21:47:27.679,2,13760,2682,352,0,0
1083,2021020300010031096,0001,2021-02-03 21:47:28.695,2,12034,2803,350,0,0
1084,2021020300010031096,0001,2021-02-03 21:47:29.71,2,10310,2943,428,0,0
1085,2021020300010031096,0001,2021-02-03 21:47:30.726,2,8602,2900,467,1,1
1086,2021020300010031096,0001,2021-02-03 21:47:31.741,2,6903,2845,497,1,1
1087,2021020300010031096,0001,2021-02-03 21:47:32.756,2,5278,2899,433,2,2
1088,2021020300010031096,0001,2021-02-03 21:47:33.772,2,3489,3010,392,2,2
1089,2021020300010031097,0001,2021-02-03 21:47:33.772,2,14055,2861,663,0,0
1090,2021020300010031096,0001,2021-02-03 21:47:34.787,2,1920,3365,364,2,2
1091,2021020300010031097,0001,2021-02-03 21:47:34.787,2,12819,3107,638,0,0
1092,2021020300010031096,0001,2021-02-03 21:47:35.802,2,1834,3385,368,3,3
1093,2021020300010031097,0001,2021-02-03 21:47:35.802,2,11525,3033,625,0,0
1094,2021020300010031100,0001,2021-02-03 21:47:35.802,2,336,4034,430,0,0
1095,2021020300010031096,0001,2021-02-03 21:47:36.818,2,1834,3385,368,3,3
1096,2021020300010031097,0001,2021-02-03 21:47:36.818,2,10318,2837,699,1,1
1097,2021020300010031096,0001,2021-02-03 21:47:37.833,2,1834,3385,368,4,4
1098,2021020300010031097,0001,2021-02-03 21:47:37.833,2,9008,2582,655,1,1
1099,2021020300010031097,0001,2021-02-03 21:47:38.835,2,7663,2528,708,2,2
1100,2021020300010031097,0001,2021-02-03 21:47:39.85,2,6345,2584,705,2,2
1101,2021020300010031097,0001,2021-02-03 21:47:40.865,2,4963,2532,690,2,2
1102,2021020300010031097,0001,2021-02-03 21:47:41.881,2,3742,2398,683,3,3
1103,2021020300010031097,0001,2021-02-03 21:47:42.896,2,2377,2063,680,3,3
1104,2021020300010031097,0001,2021-02-03 21:47:43.912,2,1050,1868,677,4,4
1105,2021020300010031111,0001,2021-02-03 21:50:17.093,2,13367,3385,543,0,0
1106,2021020300010031111,0001,2021-02-03 21:50:18.108,2,11874,3489,594,0,0
1107,2021020300010031111,0001,2021-02-03 21:50:19.124,2,10540,3554,644,0,0
1108,2021020300010031111,0001,2021-02-03 21:50:20.139,2,8717,3522,412,1,1
1109,2021020300010031111,0001,2021-02-03 21:50:21.154,2,7312,3630,588,1,1
1110,2021020300010031111,0001,2021-02-03 21:50:22.17,2,5683,3641,629,2,2
1111,2021020300010031111,0001,2021-02-03 21:50:23.185,2,4071,3459,633,2,2
1112,2021020300010031111,0001,2021-02-03 21:50:24.186,2,2697,3356,611,3,3
1113,2021020300010031111,0001,2021-02-03 21:50:25.202,2,1193,3355,397,3,3
1114,2021020300010031117,0001,2021-02-03 21:51:49.423,2,13169,3785,572,0,0
1115,2021020300010031117,0001,2021-02-03 21:51:50.439,2,11794,3892,604,0,0
1116,2021020300010031117,0001,2021-02-03 21:51:51.454,2,10360,4005,585,1,1
1117,2021020300010031117,0001,2021-02-03 21:51:52.469,2,9120,4042,638,1,1
1118,2021020300010031117,0001,2021-02-03 21:51:53.471,2,7751,4038,641,1,1
1119,2021020300010031117,0001,2021-02-03 21:51:54.486,2,6340,3985,601,2,2
1120,2021020300010031117,0001,2021-02-03 21:51:55.501,2,4954,3983,561,2,2
1121,2021020300010031117,0001,2021-02-03 21:51:56.517,2,3685,4087,613,3,3
1122,2021020300010031117,0001,2021-02-03 21:51:57.532,2,2230,4033,478,3,3
1123,2021020300010031117,0001,2021-02-03 21:51:58.548,2,930,4014,446,4,4
1124,2021020300010031130,0001,2021-02-03 21:53:01.459,2,12870,1353,566,0,0
1125,2021020300010031130,0001,2021-02-03 21:53:02.474,2,11024,1453,543,0,0
1126,2021020300010031130,0001,2021-02-03 21:53:03.49,2,9053,1353,407,1,1
1127,2021020300010031130,0001,2021-02-03 21:53:04.505,2,7093,1350,502,1,1
1128,2021020300010031130,0001,2021-02-03 21:53:05.521,2,5163,1283,502,1,1
1129,2021020300010031131,0001,2021-02-03 21:53:05.521,2,13659,4127,592,0,0
1130,2021020300010031130,0001,2021-02-03 21:53:06.536,2,3154,1346,494,2,2
1131,2021020300010031131,0001,2021-02-03 21:53:06.536,2,12161,4290,571,0,0
1132,2021020300010031130,0001,2021-02-03 21:53:07.551,2,1126,1414,575,2,2
1133,2021020300010031131,0001,2021-02-03 21:53:07.551,2,10499,4539,558,0,0
1134,2021020300010031131,0001,2021-02-03 21:53:08.553,2,9037,4681,586,1,1
1135,2021020300010031131,0001,2021-02-03 21:53:09.568,2,7507,4715,584,1,1
1136,2021020300010031131,0001,2021-02-03 21:53:10.583,2,5987,4704,659,2,2
1137,2021020300010031131,0001,2021-02-03 21:53:11.599,2,4459,4566,642,2,2
1138,2021020300010031131,0001,2021-02-03 21:53:12.614,2,2909,4469,552,2,2
1139,2021020300010031131,0001,2021-02-03 21:53:13.63,2,1370,4348,358,3,3
1140,2021020300010031133,0001,2021-02-03 21:53:46.094,2,13788,3507,504,0,0
1141,2021020300010031133,0001,2021-02-03 21:53:47.109,2,12428,3632,448,0,0
1142,2021020300010031133,0001,2021-02-03 21:53:48.125,2,10964,3617,471,0,0
1143,2021020300010031133,0001,2021-02-03 21:53:49.14,2,9367,3596,449,1,1
1144,2021020300010031133,0001,2021-02-03 21:53:50.155,2,8038,3623,499,1,1
1145,2021020300010031133,0001,2021-02-03 21:53:51.171,2,6642,3646,481,2,2
1146,2021020300010031133,0001,2021-02-03 21:53:52.186,2,5335,3686,491,2,2
1147,2021020300010031133,0001,2021-02-03 21:53:53.201,2,3854,3789,475,2,2
1148,2021020300010031133,0001,2021-02-03 21:53:54.202,2,2364,3815,488,3,3
1149,2021020300010031133,0001,2021-02-03 21:53:55.218,2,974,4016,562,3,3
1150,2021020300010031138,0001,2021-02-03 21:54:03.341,2,13992,3609,405,0,0
1151,2021020300010031138,0001,2021-02-03 21:54:04.356,2,12237,3860,688,0,0
1152,2021020300010031138,0001,2021-02-03 21:54:05.372,2,10593,3884,652,0,0
1153,2021020300010031138,0001,2021-02-03 21:54:06.387,2,8943,3868,664,1,1
1154,2021020300010031138,0001,2021-02-03 21:54:07.402,2,7249,3859,626,1,1
1155,2021020300010031139,0001,2021-02-03 21:54:07.402,2,13142,2588,462,0,0
1156,2021020300010031138,0001,2021-02-03 21:54:08.419,2,5532,3934,597,2,2
1157,2021020300010031139,0001,2021-02-03 21:54:08.419,2,11665,2850,478,0,0
1158,2021020300010031138,0001,2021-02-03 21:54:09.435,2,3905,4001,559,2,2
1159,2021020300010031139,0001,2021-02-03 21:54:09.435,2,10211,3006,485,1,1
1160,2021020300010031138,0001,2021-02-03 21:54:10.45,2,2280,3976,449,2,2
1161,2021020300010031139,0001,2021-02-03 21:54:10.45,2,8690,3035,404,1,1
1162,2021020300010031138,0001,2021-02-03 21:54:11.465,2,701,4191,408,3,3
1163,2021020300010031139,0001,2021-02-03 21:54:11.465,2,7206,3021,412,1,1
1164,2021020300010031139,0001,2021-02-03 21:54:12.481,2,5728,3096,437,2,2
1165,2021020300010031139,0001,2021-02-03 21:54:13.496,2,4285,3187,404,2,2
1166,2021020300010031139,0001,2021-02-03 21:54:14.512,2,2941,3372,429,3,3
1167,2021020300010031139,0001,2021-02-03 21:54:15.527,2,1489,3559,387,3,3
1168,2021020300010031141,0001,2021-02-03 21:54:43.93,2,13626,2775,666,0,0
1169,2021020300010031142,0001,2021-02-03 21:54:43.93,2,14073,3505,419,0,0
1170,2021020300010031141,0001,2021-02-03 21:54:44.945,2,12194,2877,794,0,0
1171,2021020300010031142,0001,2021-02-03 21:54:44.945,2,12724,3638,536,0,0
1172,2021020300010031146,0001,2021-02-03 21:54:44.945,2,12601,2969,416,0,0
1173,2021020300010031141,0001,2021-02-03 21:54:45.961,2,10862,2968,776,0,0
1174,2021020300010031142,0001,2021-02-03 21:54:45.961,2,11467,3779,504,0,0
1175,2021020300010031146,0001,2021-02-03 21:54:45.961,2,11277,3093,499,0,0
1176,2021020300010031141,0001,2021-02-03 21:54:46.976,2,9600,3011,783,1,1
1177,2021020300010031142,0001,2021-02-03 21:54:46.976,2,9903,3831,634,1,1
1178,2021020300010031146,0001,2021-02-03 21:54:46.976,2,9932,3165,495,0,0
1179,2021020300010031141,0001,2021-02-03 21:54:47.991,2,8275,3123,756,1,1
1180,2021020300010031142,0001,2021-02-03 21:54:47.991,2,8504,3926,657,1,1
1181,2021020300010031146,0001,2021-02-03 21:54:47.991,2,8439,3488,1574,1,1
1182,2021020300010031141,0001,2021-02-03 21:54:49.007,2,6806,3218,681,2,2
1183,2021020300010031142,0001,2021-02-03 21:54:49.007,2,7155,4030,502,2,2
1184,2021020300010031146,0001,2021-02-03 21:54:49.007,2,7182,3382,437,1,1
1185,2021020300010031141,0001,2021-02-03 21:54:50.022,2,5433,3225,622,2,2
1186,2021020300010031142,0001,2021-02-03 21:54:50.022,2,5655,3954,743,2,2
1187,2021020300010031146,0001,2021-02-03 21:54:50.022,2,5896,3564,521,2,2
1188,2021020300010031141,0001,2021-02-03 21:54:51.038,2,4603,3294,682,3,3
1189,2021020300010031142,0001,2021-02-03 21:54:51.038,2,4778,3873,941,2,2
1190,2021020300010031146,0001,2021-02-03 21:54:51.038,2,4258,3944,543,2,2
1191,2021020300010031148,0001,2021-02-03 21:54:51.038,2,1250,725,484,0,0
1192,2021020300010031141,0001,2021-02-03 21:54:52.053,2,2889,3424,625,3,3
1193,2021020300010031142,0001,2021-02-03 21:54:52.053,2,4257,4082,630,3,3
1194,2021020300010031146,0001,2021-02-03 21:54:52.053,2,3170,4085,633,2,2
1195,2021020300010031148,0001,2021-02-03 21:54:52.053,2,2827,738,416,0,0
1196,2021020300010031141,0001,2021-02-03 21:54:53.068,2,1266,3162,769,3,3
1197,2021020300010031142,0001,2021-02-03 21:54:53.068,2,4257,4082,630,3,3
1198,2021020300010031146,0001,2021-02-03 21:54:53.068,2,1814,4111,601,3,3
1199,2021020300010031148,0001,2021-02-03 21:54:53.068,2,4595,678,553,1,1
1200,2021020300010031146,0001,2021-02-03 21:54:54.07,2,1177,4107,595,3,3
1201,2021020300010031148,0001,2021-02-03 21:54:54.07,2,6147,1012,511,1,1
1202,2021020300010031146,0001,2021-02-03 21:54:55.085,2,1177,4107,595,4,4
1203,2021020300010031148,0001,2021-02-03 21:54:55.085,2,7681,1287,557,1,1
1204,2021020300010031146,0001,2021-02-03 21:54:56.1,2,1177,4107,595,4,4
1205,2021020300010031148,0001,2021-02-03 21:54:56.1,2,9288,1456,496,2,2
1206,2021020300010031148,0001,2021-02-03 21:54:57.116,2,10811,1477,512,2,2
1207,2021020300010031148,0001,2021-02-03 21:54:58.131,2,12367,1384,528,3,3
1208,2021020300010031148,0001,2021-02-03 21:54:59.146,2,13821,1041,540,3,3
1209,2021020300010031167,0001,2021-02-03 21:56:18.289,2,13577,2920,714,0,0
1210,2021020300010031167,0001,2021-02-03 21:56:19.305,2,12056,3009,706,0,0
1211,2021020300010031167,0001,2021-02-03 21:56:20.32,2,10730,3081,751,0,0
1212,2021020300010031167,0001,2021-02-03 21:56:21.335,2,9315,3076,739,1,1
1213,2021020300010031167,0001,2021-02-03 21:56:22.351,2,7871,3126,695,1,1
1214,2021020300010031167,0001,2021-02-03 21:56:23.366,2,6464,3142,715,2,2
1215,2021020300010031167,0001,2021-02-03 21:56:24.367,2,5129,3123,729,2,2
1216,2021020300010031171,0001,2021-02-03 21:56:24.367,2,14209,3314,625,0,0
1217,2021020300010031167,0001,2021-02-03 21:56:25.383,2,3655,3107,665,3,3
1218,2021020300010031171,0001,2021-02-03 21:56:25.383,2,12869,3176,484,0,0
1219,2021020300010031167,0001,2021-02-03 21:56:26.398,2,2322,3246,616,3,3
1220,2021020300010031171,0001,2021-02-03 21:56:26.398,2,11651,3149,580,0,0
1221,2021020300010031167,0001,2021-02-03 21:56:27.414,2,1122,3648,592,3,3
1222,2021020300010031171,0001,2021-02-03 21:56:27.414,2,10359,3119,578,1,1
1223,2021020300010031171,0001,2021-02-03 21:56:28.429,2,8933,3142,549,1,1
1224,2021020300010031171,0001,2021-02-03 21:56:29.444,2,7675,3181,526,2,2
1225,2021020300010031171,0001,2021-02-03 21:56:30.46,2,6310,3199,478,2,2
1226,2021020300010031171,0001,2021-02-03 21:56:31.475,2,4961,3272,523,2,2
1227,2021020300010031171,0001,2021-02-03 21:56:32.491,2,3656,3210,449,3,3
1228,2021020300010031171,0001,2021-02-03 21:56:33.506,2,2448,3102,477,3,3
1229,2021020300010031171,0001,2021-02-03 21:56:34.521,2,1361,3063,435,4,4
1230,2021020300010031173,0001,2021-02-03 21:56:34.521,2,556,4425,618,0,0
1231,2021020300010031173,0001,2021-02-03 21:56:35.537,2,663,4501,575,0,0
1232,2021020300010031175,0001,2021-02-03 21:56:35.537,2,2027,4409,650,0,0
1233,2021020300010031173,0001,2021-02-03 21:56:36.552,2,663,4501,575,0,0
1234,2021020300010031175,0001,2021-02-03 21:56:36.552,2,3509,4238,649,0,0
1235,2021020300010031173,0001,2021-02-03 21:56:37.567,2,663,4501,575,1,1
1236,2021020300010031175,0001,2021-02-03 21:56:37.567,2,4872,4031,640,1,1
1237,2021020300010031175,0001,2021-02-03 21:56:38.569,2,5749,3930,585,1,1
1238,2021020300010031176,0001,2021-02-03 21:56:38.569,2,6450,3994,677,0,0
1239,2021020300010031175,0001,2021-02-03 21:56:39.584,2,5749,3930,585,1,1
1240,2021020300010031176,0001,2021-02-03 21:56:39.584,2,7982,3851,626,0,0
1241,2021020300010031175,0001,2021-02-03 21:56:40.6,2,5749,3930,585,2,2
1242,2021020300010031176,0001,2021-02-03 21:56:40.6,2,9479,3663,666,1,1
1243,2021020300010031176,0001,2021-02-03 21:56:41.615,2,10884,3299,561,1,1
1244,2021020300010031176,0001,2021-02-03 21:56:42.63,2,12344,3041,600,1,1
1245,2021020300010031176,0001,2021-02-03 21:56:43.646,2,13927,3025,648,2,2
1246,2021020300010031183,0001,2021-02-03 21:57:21.135,2,13258,3246,632,0,0
1247,2021020300010031183,0001,2021-02-03 21:57:22.151,2,11904,3331,630,0,0
1248,2021020300010031183,0001,2021-02-03 21:57:23.166,2,10500,3415,631,1,1
1249,2021020300010031183,0001,2021-02-03 21:57:24.167,2,9260,3418,613,1,1
1250,2021020300010031183,0001,2021-02-03 21:57:25.183,2,7893,3414,599,1,1
1251,2021020300010031184,0001,2021-02-03 21:57:25.183,2,13980,2776,526,0,0
1252,2021020300010031183,0001,2021-02-03 21:57:26.198,2,6545,3448,610,2,2
1253,2021020300010031184,0001,2021-02-03 21:57:26.198,2,12733,2845,548,0,0
1254,2021020300010031183,0001,2021-02-03 21:57:27.213,2,5284,3486,614,2,2
1255,2021020300010031184,0001,2021-02-03 21:57:27.213,2,11345,2828,510,0,0
1256,2021020300010031183,0001,2021-02-03 21:57:28.229,2,3920,3508,612,3,3
1257,2021020300010031184,0001,2021-02-03 21:57:28.229,2,10048,2977,562,1,1
1258,2021020300010031183,0001,2021-02-03 21:57:29.244,2,2543,3481,514,3,3
1259,2021020300010031184,0001,2021-02-03 21:57:29.244,2,8755,3167,544,1,1
1260,2021020300010031186,0001,2021-02-03 21:57:29.244,2,13706,1681,608,0,0
1261,2021020300010031183,0001,2021-02-03 21:57:30.26,2,1253,3668,559,3,3
1262,2021020300010031184,0001,2021-02-03 21:57:30.26,2,7501,3303,520,2,2
1263,2021020300010031186,0001,2021-02-03 21:57:30.26,2,12084,1584,450,0,0
1264,2021020300010031184,0001,2021-02-03 21:57:31.275,2,6133,3454,531,2,2
1265,2021020300010031186,0001,2021-02-03 21:57:31.275,2,10094,1620,671,0,0
1266,2021020300010031184,0001,2021-02-03 21:57:32.29,2,4906,3518,510,2,2
1267,2021020300010031186,0001,2021-02-03 21:57:32.29,2,8336,1697,671,1,1
1268,2021020300010031184,0001,2021-02-03 21:57:33.306,2,3640,3533,515,3,3
1269,2021020300010031186,0001,2021-02-03 21:57:33.306,2,6581,1782,592,1,1
1270,2021020300010031184,0001,2021-02-03 21:57:34.321,2,2334,3668,536,3,3
1271,2021020300010031186,0001,2021-02-03 21:57:34.321,2,4863,1813,624,2,2
1272,2021020300010031184,0001,2021-02-03 21:57:35.337,2,1000,3909,688,4,4
1273,2021020300010031186,0001,2021-02-03 21:57:35.337,2,3121,1992,667,2,2
1274,2021020300010031186,0001,2021-02-03 21:57:36.352,2,1310,2105,401,2,2
1275,2021020300010031188,0001,2021-02-03 21:58:45.328,2,13894,1705,611,0,0
1276,2021020300010031188,0001,2021-02-03 21:58:46.344,2,12447,1776,603,0,0
1277,2021020300010031188,0001,2021-02-03 21:58:47.359,2,10854,1937,625,0,0
1278,2021020300010031188,0001,2021-02-03 21:58:48.374,2,9456,2094,678,1,1
1279,2021020300010031188,0001,2021-02-03 21:58:49.39,2,7875,2110,640,1,1
1280,2021020300010031188,0001,2021-02-03 21:58:50.405,2,6388,2089,618,2,2
1281,2021020300010031188,0001,2021-02-03 21:58:51.421,2,4839,2080,647,2,2
1282,2021020300010031188,0001,2021-02-03 21:58:52.436,2,3342,2051,620,2,2
1283,2021020300010031188,0001,2021-02-03 21:58:53.437,2,1931,2071,643,3,3
1284,2021020300010031188,0001,2021-02-03 21:58:54.453,2,644,2149,510,3,3
